"","Package","LibPath","Version","Priority","Depends","Imports","LinkingTo","Suggests","Enhances","License","License_is_FOSS","License_restricts_use","OS_type","MD5sum","NeedsCompilation","Built"
"abind","abind","C:/Users/xieji/Documents/R/win-library/4.1","1.4-5",NA,"R (>= 1.5.0)","methods, utils",NA,NA,NA,"LGPL (>= 2)",NA,NA,NA,NA,"no","4.1.1"
"agricolae","agricolae","C:/Users/xieji/Documents/R/win-library/4.1","1.3-5",NA,"R (>= 2.10)","klaR, MASS, nlme, cluster, AlgDesign, graphics",NA,NA,NA,"GPL",NA,NA,NA,NA,"no","4.1.2"
"AlgDesign","AlgDesign","C:/Users/xieji/Documents/R/win-library/4.1","1.2.0",NA,NA,NA,NA,NA,NA,"GPL (>= 2)",NA,NA,NA,NA,"yes","4.1.1"
"askpass","askpass","C:/Users/xieji/Documents/R/win-library/4.1","1.1",NA,NA,"sys (>= 2.1)",NA,"testthat",NA,"MIT + file LICENSE",NA,NA,NA,NA,"yes","4.1.1"
"assertthat","assertthat","C:/Users/xieji/Documents/R/win-library/4.1","0.2.1",NA,NA,"tools",NA,"testthat, covr",NA,"GPL-3",NA,NA,NA,NA,"no","4.1.1"
"autoimage","autoimage","C:/Users/xieji/Documents/R/win-library/4.1","2.2.3",NA,"R (>= 2.10)","colorspace, fields, mapproj, ggplot2, maps, MBA",NA,"abind, testthat, spatstat.geom, gear, broom, gridExtra,
knitr, rmarkdown",NA,"GPL (>= 2)",NA,NA,NA,NA,"no","4.1.3"
"av","av","C:/Users/xieji/Documents/R/win-library/4.1","0.8.1",NA,"R (>= 3.5)","graphics",NA,"testthat, ps, ggplot2, gapminder",NA,"MIT + file LICENSE",NA,NA,NA,NA,"yes","4.1.3"
"backports","backports","C:/Users/xieji/Documents/R/win-library/4.1","1.2.1",NA,"R (>= 3.0.0)",NA,NA,NA,NA,"GPL-2 | GPL-3",NA,NA,NA,NA,"yes","4.1.1"
"base64enc","base64enc","C:/Users/xieji/Documents/R/win-library/4.1","0.1-3",NA,"R (>= 2.9.0)",NA,NA,NA,"png","GPL-2 | GPL-3",NA,NA,NA,NA,"yes","4.1.1"
"beanplot","beanplot","C:/Users/xieji/Documents/R/win-library/4.1","1.2",NA,NA,NA,NA,"vioplot, lattice",NA,"GPL-2",NA,NA,NA,NA,"no","4.1.1"
"BH","BH","C:/Users/xieji/Documents/R/win-library/4.1","1.78.0-0",NA,NA,NA,NA,NA,NA,"BSL-1.0",NA,NA,NA,NA,"no","4.1.2"
"binman","binman","C:/Users/xieji/Documents/R/win-library/4.1","0.1.2",NA,"R (>= 3.3)","rappdirs, yaml, httr, jsonlite, xml2, utils, stats,
assertthat, semver",NA,"testthat, covr, knitr, rmarkdown",NA,"MIT + file LICENSE",NA,NA,NA,NA,"no","4.1.1"
"bit","bit","C:/Users/xieji/Documents/R/win-library/4.1","4.0.4",NA,"R (>= 2.9.2)",NA,NA,"testthat (>= 0.11.0), roxygen2, knitr, rmarkdown,
microbenchmark, bit64 (>= 4.0.0), ff (>= 4.0.0)",NA,"GPL-2 | GPL-3",NA,NA,NA,NA,"yes","4.1.1"
"bit64","bit64","C:/Users/xieji/Documents/R/win-library/4.1","4.0.5",NA,"R (>= 3.0.1), bit (>= 4.0.0), utils, methods, stats",NA,NA,NA,NA,"GPL-2 | GPL-3",NA,NA,NA,NA,"yes","4.1.1"
"bitops","bitops","C:/Users/xieji/Documents/R/win-library/4.1","1.0-7",NA,NA,NA,NA,NA,NA,"GPL (>= 2)",NA,NA,NA,NA,"yes","4.1.1"
"blob","blob","C:/Users/xieji/Documents/R/win-library/4.1","1.2.2",NA,NA,"methods, rlang, vctrs (>= 0.2.1)",NA,"covr, crayon, pillar (>= 1.2.1), testthat",NA,"MIT + file LICENSE",NA,NA,NA,NA,"no","4.1.1"
"bmp","bmp","C:/Users/xieji/Documents/R/win-library/4.1","0.3",NA,NA,NA,NA,"pixmap, testthat",NA,"GPL (>= 2)",NA,NA,NA,NA,"no","4.1.2"
"brew","brew","C:/Users/xieji/Documents/R/win-library/4.1","1.0-6",NA,NA,NA,NA,NA,NA,"GPL-2",NA,NA,NA,NA,NA,"4.1.1"
"brio","brio","C:/Users/xieji/Documents/R/win-library/4.1","1.1.2",NA,NA,NA,NA,"testthat (>= 2.1.0), covr",NA,"MIT + file LICENSE",NA,NA,NA,NA,"yes","4.1.1"
"broom","broom","C:/Users/xieji/Documents/R/win-library/4.1","0.7.9",NA,"R (>= 3.1)","backports, dplyr (>= 1.0.0), ellipsis, generics (>= 0.0.2),
glue, methods, purrr, rlang, stringr, tibble (>= 3.0.0), tidyr
(>= 1.0.0)",NA,"AER, akima, AUC, bbmle, betareg, biglm, binGroup, boot,
btergm, car, caret, cluster, cmprsk, coda, covr, drc, e1071,
emmeans, epiR, ergm (>= 3.10.4), fixest (>= 0.9.0), gam (>=
1.15), gee, geepack, ggplot2, glmnet, glmnetUtils, gmm, Hmisc,
irlba, joineRML, Kendall, knitr, ks, Lahman, lavaan, leaps,
lfe, lm.beta, lme4, lmodel2, lmtest (>= 0.9.38), lsmeans, maps,
maptools, margins, MASS, Matrix, mclust, mediation, metafor,
mfx, mgcv, mlogit, modeldata, modeltests, muhaz, multcomp,
network, nnet, orcutt (>= 2.2), ordinal, plm, poLCA, psych,
quantreg, rgeos, rmarkdown, robust, robustbase, rsample,
sandwich, sp, spdep (>= 1.1), spatialreg, speedglm, spelling,
survey, survival, systemfit, testthat (>= 2.1.0), tseries,
vars, zoo",NA,"MIT + file LICENSE",NA,NA,NA,NA,"no","4.1.1"
"bslib","bslib","C:/Users/xieji/Documents/R/win-library/4.1","0.3.1",NA,"R (>= 2.10)","grDevices, htmltools (>= 0.5.2), jsonlite, sass (>= 0.4.0),
jquerylib (>= 0.1.3), rlang",NA,"shiny (>= 1.6.0), rmarkdown (>= 2.7), thematic, knitr,
testthat, withr, rappdirs, curl, magrittr",NA,"MIT + file LICENSE",NA,NA,NA,NA,"no","4.1.2"
"cachem","cachem","C:/Users/xieji/Documents/R/win-library/4.1","1.0.6",NA,NA,"rlang, fastmap",NA,"testthat",NA,"MIT + file LICENSE",NA,NA,NA,NA,"yes","4.1.1"
"callr","callr","C:/Users/xieji/Documents/R/win-library/4.1","3.7.0",NA,NA,"processx (>= 3.5.0), R6, utils",NA,"cli, covr, ps, rprojroot, spelling, testthat, withr (>=
2.3.0)",NA,"MIT + file LICENSE",NA,NA,NA,NA,"no","4.1.1"
"car","car","C:/Users/xieji/Documents/R/win-library/4.1","3.0-11",NA,"R (>= 3.5.0), carData (>= 3.0-0)","abind, MASS, mgcv, nnet, pbkrtest (>= 0.4-4), quantreg,
grDevices, utils, stats, graphics, maptools, rio, lme4 (>=
1.1-27.1), nlme",NA,"alr4, boot, coxme, effects, knitr, leaps, lmtest, Matrix,
MatrixModels, rgl (>= 0.93.960), sandwich, SparseM, survival,
survey",NA,"GPL (>= 2)",NA,NA,NA,NA,"no","4.1.1"
"carData","carData","C:/Users/xieji/Documents/R/win-library/4.1","3.0-4",NA,"R (>= 3.5.0)",NA,NA,NA,NA,"GPL (>= 2)",NA,NA,NA,NA,"no","4.1.1"
"caTools","caTools","C:/Users/xieji/Documents/R/win-library/4.1","1.18.2",NA,"R (>= 3.6.0)","bitops",NA,"MASS, rpart",NA,"GPL-3",NA,NA,NA,NA,"yes","4.1.1"
"cellranger","cellranger","C:/Users/xieji/Documents/R/win-library/4.1","1.1.0",NA,"R (>= 3.0.0)","rematch, tibble",NA,"covr, testthat (>= 1.0.0), knitr, rmarkdown",NA,"MIT + file LICENSE",NA,NA,NA,NA,"no","4.1.1"
"classInt","classInt","C:/Users/xieji/Documents/R/win-library/4.1","0.4-3",NA,"R (>= 2.2)","grDevices, stats, graphics, e1071, class, KernSmooth",NA,"spData (>= 0.2.6.2), units, knitr, rmarkdown",NA,"GPL (>= 2)",NA,NA,NA,NA,"yes","4.1.2"
"cli","cli","C:/Users/xieji/Documents/R/win-library/4.1","3.0.1",NA,"R (>= 2.10)","glue, utils",NA,"callr, covr, grDevices, htmlwidgets, knitr, methods, mockery,
prettycode (>= 1.1.0), processx, ps (>= 1.3.4.9000), rlang,
rmarkdown, rstudioapi, shiny, testthat, tibble, withr",NA,"MIT + file LICENSE",NA,NA,NA,NA,"yes","4.1.1"
"clipr","clipr","C:/Users/xieji/Documents/R/win-library/4.1","0.7.1",NA,NA,"utils",NA,"covr, knitr, rmarkdown, rstudioapi (>= 0.5), testthat (>=
2.0.0)",NA,"GPL-3",NA,NA,NA,NA,"no","4.1.1"
"ClusterR","ClusterR","C:/Users/xieji/Documents/R/win-library/4.1","1.2.7",NA,"R(>= 3.2), gtools","Rcpp (>= 0.12.5), graphics, grDevices, utils, stats, gmp,
ggplot2, lifecycle","Rcpp, RcppArmadillo (>= 0.9.1)","OpenImageR, FD, testthat, covr, knitr, rmarkdown",NA,"GPL-3",NA,NA,NA,NA,"yes","4.1.3"
"colorspace","colorspace","C:/Users/xieji/Documents/R/win-library/4.1","2.0-2",NA,"R (>= 3.0.0), methods","graphics, grDevices, stats",NA,"datasets, utils, KernSmooth, MASS, kernlab, mvtnorm, vcd,
tcltk, shiny, shinyjs, ggplot2, dplyr, scales, grid, png, jpeg,
knitr, rmarkdown, RColorBrewer, rcartocolor, scico, viridis,
wesanderson",NA,"BSD_3_clause + file LICENSE",NA,NA,NA,NA,"yes","4.1.1"
"combinat","combinat","C:/Users/xieji/Documents/R/win-library/4.1","0.0-8",NA,NA,NA,NA,NA,NA,"GPL-2",NA,NA,NA,NA,NA,"4.1.1"
"commonmark","commonmark","C:/Users/xieji/Documents/R/win-library/4.1","1.7",NA,NA,NA,NA,"curl, testthat, xml2",NA,"BSD_2_clause + file LICENSE",NA,NA,NA,NA,"yes","4.1.1"
"CompQuadForm","CompQuadForm","C:/Users/xieji/Documents/R/win-library/4.1","1.4.3",NA,NA,NA,NA,NA,NA,"GPL (>= 2)",NA,NA,NA,NA,"yes","4.1.1"
"conicfit","conicfit","C:/Users/xieji/Documents/R/win-library/4.1","1.0.4",NA,"R (>= 2.7.0), pracma, geigen",NA,NA,NA,NA,"GPL (>= 3)",NA,NA,NA,NA,"no","4.1.2"
"conquer","conquer","C:/Users/xieji/Documents/R/win-library/4.1","1.0.2",NA,"R (>= 3.5.0)","Rcpp (>= 1.0.3), Matrix, matrixStats, stats","Rcpp, RcppArmadillo (>= 0.9.850.1.0)",NA,NA,"GPL-3",NA,NA,NA,NA,"yes","4.1.1"
"corrplot","corrplot","C:/Users/xieji/Documents/R/win-library/4.1","0.90",NA,NA,NA,NA,"seriation, knitr, RColorBrewer, rmarkdown, magrittr,
prettydoc, testthat",NA,"MIT + file LICENSE",NA,NA,NA,NA,"no","4.1.1"
"cowplot","cowplot","C:/Users/xieji/Documents/R/win-library/4.1","1.1.1",NA,"R (>= 3.5.0)","ggplot2 (> 2.2.1), grid, gtable, grDevices, methods, rlang,
scales",NA,"Cairo, covr, dplyr, forcats, gridGraphics (>= 0.4-0), knitr,
lattice, magick, maps, PASWR, patchwork, rmarkdown, ragg,
testthat (>= 1.0.0), tidyr, vdiffr (>= 0.3.0), VennDiagram",NA,"GPL-2",NA,NA,NA,NA,"no","4.1.1"
"cpp11","cpp11","C:/Users/xieji/Documents/R/win-library/4.1","0.4.0",NA,NA,NA,NA,"bench, brio, callr, cli, covr, decor, desc, ggplot2, glue,
knitr, lobstr, mockery, progress, rmarkdown, scales, Rcpp,
testthat, tibble, utils, vctrs, withr",NA,"MIT + file LICENSE",NA,NA,NA,NA,"no","4.1.1"
"crayon","crayon","C:/Users/xieji/Documents/R/win-library/4.1","1.4.1",NA,NA,"grDevices, methods, utils",NA,"mockery, rstudioapi, testthat, withr",NA,"MIT + file LICENSE",NA,NA,NA,NA,"no","4.1.1"
"credentials","credentials","C:/Users/xieji/Documents/R/win-library/4.1","1.3.1",NA,NA,"openssl (>= 1.3), sys (>= 2.1), curl, jsonlite, askpass",NA,"testthat, knitr, rmarkdown",NA,"MIT + file LICENSE",NA,NA,NA,NA,"no","4.1.1"
"crosstalk","crosstalk","C:/Users/xieji/Documents/R/win-library/4.1","1.1.1",NA,NA,"htmltools (>= 0.3.6), jsonlite, lazyeval, R6",NA,"shiny, ggplot2, testthat (>= 2.1.0)",NA,"MIT + file LICENSE",NA,NA,NA,NA,"no","4.1.1"
"curl","curl","C:/Users/xieji/Documents/R/win-library/4.1","4.3.2",NA,"R (>= 3.0.0)",NA,NA,"spelling, testthat (>= 1.0.0), knitr, jsonlite, rmarkdown,
magrittr, httpuv (>= 1.4.4), webutils",NA,"MIT + file LICENSE",NA,NA,NA,NA,"yes","4.1.1"
"data.table","data.table","C:/Users/xieji/Documents/R/win-library/4.1","1.14.2",NA,"R (>= 3.1.0)","methods",NA,"bit64 (>= 4.0.0), bit (>= 4.0.4), curl, R.utils, xts,
nanotime, zoo (>= 1.8-1), yaml, knitr, rmarkdown",NA,"MPL-2.0 | file LICENSE",NA,NA,NA,NA,"yes","4.1.1"
"DBI","DBI","C:/Users/xieji/Documents/R/win-library/4.1","1.1.1",NA,"methods, R (>= 3.0.0)",NA,NA,"blob, covr, dbplyr, dplyr, glue, hms, knitr, magrittr,
rmarkdown, rprojroot, RMariaDB, RSQLite (>= 1.1-2), testthat,
xml2",NA,"LGPL (>= 2.1)",NA,NA,NA,NA,"no","4.1.1"
"dbplyr","dbplyr","C:/Users/xieji/Documents/R/win-library/4.1","2.1.1",NA,"R (>= 3.1)","assertthat (>= 0.2.0), blob (>= 1.2.0), DBI (>= 1.0.0), dplyr
(>= 1.0.4), ellipsis, glue (>= 1.2.0), lifecycle (>= 1.0.0),
magrittr, methods, purrr (>= 0.2.5), R6 (>= 2.2.2), rlang (>=
0.2.0), tibble (>= 1.4.2), tidyselect (>= 0.2.4), utils, vctrs,
withr",NA,"bit64, covr, knitr, Lahman, nycflights13, odbc, RMariaDB (>=
1.0.2), rmarkdown, RPostgres (>= 1.1.3), RPostgreSQL, RSQLite
(>= 2.1.0), testthat (>= 3.0.2), tidyr",NA,"MIT + file LICENSE",NA,NA,NA,NA,"no","4.1.1"
"deldir","deldir","C:/Users/xieji/Documents/R/win-library/4.1","1.0-6",NA,"R (>= 3.5.0)","graphics, grDevices",NA,"polyclip",NA,"GPL (>= 2)",NA,NA,NA,NA,"yes","4.1.1"
"dendextend","dendextend","C:/Users/xieji/Documents/R/win-library/4.1","1.15.2",NA,"R (>= 3.0.0)","utils, stats, datasets, magrittr (>= 1.0.1), ggplot2, viridis",NA,"knitr, rmarkdown, testthat, seriation, colorspace, ape,
microbenchmark, gplots, heatmaply, dynamicTreeCut, pvclust,
corrplot, DendSer, MASS, cluster, fpc, circlize (>= 0.2.5),
covr","ggdendro, dendroextras, Hmisc, data.table, rpart","GPL-2 | GPL-3",NA,NA,NA,NA,"no","4.1.2"
"desc","desc","C:/Users/xieji/Documents/R/win-library/4.1","1.4.0",NA,"R (>= 3.1.0)","utils, R6, crayon, rprojroot",NA,"covr, testthat, whoami, withr, spelling, gh",NA,"MIT + file LICENSE",NA,NA,NA,NA,"no","4.1.1"
"devtools","devtools","C:/Users/xieji/Documents/R/win-library/4.1","2.4.2",NA,"R (>= 3.0.2), usethis (>= 2.0.1)","callr (>= 3.6.0), cli (>= 2.4.0), desc (>= 1.3.0), ellipsis
(>= 0.3.1), fs (>= 1.5.0), httr (>= 1.4.2), lifecycle (>=
1.0.0), memoise (>= 2.0.0), pkgbuild (>= 1.2.0), pkgload (>=
1.2.1), rcmdcheck (>= 1.3.3), remotes (>= 2.3.0), rlang (>=
0.4.10), roxygen2 (>= 7.1.1), rstudioapi (>= 0.13), rversions
(>= 2.0.2), sessioninfo (>= 1.1.1), stats, testthat (>= 3.0.2),
tools, utils, withr (>= 2.4.1)",NA,"BiocManager (>= 1.30.12), covr (>= 3.5.1), curl (>= 4.3),
digest (>= 0.6.27), DT (>= 0.17), foghorn (>= 1.3.2), gh (>=
1.2.1), gmailr (>= 1.0.0), knitr (>= 1.31), lintr (>= 2.0.1),
MASS, mockery (>= 0.4.2), pingr (>= 2.0.1), pkgdown (>= 1.6.1),
rhub (>= 1.1.1), rmarkdown (>= 2.7), spelling (>= 2.2)",NA,"MIT + file LICENSE",NA,NA,NA,NA,"no","4.1.1"
"diffobj","diffobj","C:/Users/xieji/Documents/R/win-library/4.1","0.3.4",NA,"R (>= 3.1.0)","crayon (>= 1.3.2), tools, methods, utils, stats",NA,"knitr, rmarkdown",NA,"GPL (>= 2)",NA,NA,NA,NA,"yes","4.1.1"
"digest","digest","C:/Users/xieji/Documents/R/win-library/4.1","0.6.28",NA,"R (>= 3.3.0)","utils",NA,"tinytest, knitr, rmarkdown, minidown",NA,"GPL (>= 2)",NA,NA,NA,NA,"yes","4.1.1"
"dotCall64","dotCall64","C:/Users/xieji/Documents/R/win-library/4.1","1.0-1",NA,"R (>= 3.1)",NA,NA,"microbenchmark, OpenMPController, RColorBrewer, roxygen2,
spam, testthat,",NA,"GPL (>= 2)",NA,NA,NA,NA,"yes","4.1.3"
"downloader","downloader","C:/Users/xieji/Documents/R/win-library/4.1","0.4",NA,NA,"utils, digest",NA,"testthat",NA,"GPL-2",NA,NA,NA,NA,"no","4.1.2"
"dplyr","dplyr","C:/Users/xieji/Documents/R/win-library/4.1","1.0.7",NA,"R (>= 3.3.0)","ellipsis, generics, glue (>= 1.3.2), lifecycle (>= 1.0.0),
magrittr (>= 1.5), methods, R6, rlang (>= 0.4.10), tibble (>=
2.1.3), tidyselect (>= 1.1.0), utils, vctrs (>= 0.3.5), pillar
(>= 1.5.1)",NA,"bench, broom, callr, covr, DBI, dbplyr (>= 1.4.3), knitr,
Lahman, lobstr, microbenchmark, nycflights13, purrr, rmarkdown,
RMySQL, RPostgreSQL, RSQLite, testthat (>= 3.0.2), tidyr, withr",NA,"MIT + file LICENSE",NA,NA,NA,NA,"yes","4.1.1"
"DT","DT","C:/Users/xieji/Documents/R/win-library/4.1","0.21",NA,NA,"htmltools (>= 0.3.6), htmlwidgets (>= 1.3), jsonlite (>=
0.9.16), magrittr, crosstalk, jquerylib, promises",NA,"knitr (>= 1.8), rmarkdown, shiny (>= 1.6), bslib, testit",NA,"GPL-3 | file LICENSE",NA,NA,NA,NA,"no","4.1.2"
"dtplyr","dtplyr","C:/Users/xieji/Documents/R/win-library/4.1","1.1.0",NA,"R (>= 3.3)","crayon, data.table (>= 1.12.4), dplyr (>= 1.0.3), ellipsis,
glue, lifecycle, rlang, tibble, tidyselect, vctrs",NA,"bench, covr, knitr, rmarkdown, testthat (>= 3.0.0), tidyr (>=
1.1.0)",NA,"MIT + file LICENSE",NA,NA,NA,NA,"no","4.1.1"
"e1071","e1071","C:/Users/xieji/Documents/R/win-library/4.1","1.7-9",NA,NA,"graphics, grDevices, class, stats, methods, utils, proxy",NA,"cluster, mlbench, nnet, randomForest, rpart, SparseM, xtable,
Matrix, MASS, slam",NA,"GPL-2 | GPL-3",NA,NA,NA,NA,"yes","4.1.2"
"ellipse","ellipse","C:/Users/xieji/Documents/R/win-library/4.1","0.4.2",NA,"R (>= 2.0.0),graphics,stats",NA,NA,"MASS",NA,"GPL (>= 2)",NA,NA,NA,NA,"no","4.1.2"
"ellipsis","ellipsis","C:/Users/xieji/Documents/R/win-library/4.1","0.3.2",NA,"R (>= 3.2)","rlang (>= 0.3.0)",NA,"covr, testthat",NA,"MIT + file LICENSE",NA,NA,NA,NA,"yes","4.1.1"
"emmeans","emmeans","C:/Users/xieji/Documents/R/win-library/4.1","1.7.2",NA,"R (>= 3.5.0)","estimability (>= 1.3), graphics, methods, numDeriv, stats,
utils, mvtnorm, xtable (>= 1.8-2)",NA,"bayesplot, bayestestR, biglm, brms, car, coda (>= 0.17),
ggplot2, lattice, logspline, mediation, mgcv, multcomp,
multcompView, nlme, ordinal (>= 2014.11-12), pbkrtest (>=
0.4-1), lme4, lmerTest (>= 2.0.32), MASS, MuMIn, rsm, knitr,
rmarkdown, scales, splines, testthat","CARBayes, coxme, gee, geepack, MCMCglmm, MCMCpack, mice,
nnet, pscl, rstanarm, sommer, survival","GPL-2 | GPL-3",NA,NA,NA,NA,"no","4.1.2"
"estimability","estimability","C:/Users/xieji/Documents/R/win-library/4.1","1.3",NA,"stats",NA,NA,NA,NA,"GPL (>= 3)",NA,NA,NA,NA,"no","4.1.1"
"evaluate","evaluate","C:/Users/xieji/Documents/R/win-library/4.1","0.14",NA,"R (>= 3.0.2)","methods",NA,"testthat, lattice, ggplot2",NA,"MIT + file LICENSE",NA,NA,NA,NA,"no","4.1.1"
"exiftoolr","exiftoolr","C:/Users/xieji/Documents/R/win-library/4.1","0.1.8",NA,NA,"curl, jsonlite, zip, data.table",NA,NA,NA,"GPL-2",NA,NA,NA,NA,"no","4.1.1"
"factoextra","factoextra","C:/Users/xieji/Documents/R/win-library/4.1","1.0.7",NA,"R (>= 3.1.2), ggplot2 (>= 2.2.0)","abind, cluster, dendextend, FactoMineR, ggpubr(>= 0.1.5),
grid, stats, reshape2, ggrepel, tidyr",NA,"ade4, ca, igraph, MASS, knitr, mclust",NA,"GPL-2",NA,NA,NA,NA,"no","4.1.2"
"FactoMineR","FactoMineR","C:/Users/xieji/Documents/R/win-library/4.1","2.4",NA,"R (>= 3.5.0)","car,cluster,DT,ellipse,flashClust,graphics,grDevices,lattice,leaps,MASS,scatterplot3d,stats,utils,ggplot2,ggrepel",NA,"missMDA,knitr,Factoshiny,markdown",NA,"GPL (>= 2)",NA,NA,NA,NA,"no","4.1.2"
"fansi","fansi","C:/Users/xieji/Documents/R/win-library/4.1","0.5.0",NA,"R (>= 3.1.0)","grDevices, utils",NA,"unitizer, knitr, rmarkdown",NA,"GPL (>= 2)",NA,NA,NA,NA,"yes","4.1.1"
"farver","farver","C:/Users/xieji/Documents/R/win-library/4.1","2.1.0",NA,NA,NA,NA,"testthat (>= 2.1.0), covr",NA,"MIT + file LICENSE",NA,NA,NA,NA,"yes","4.1.1"
"fastmap","fastmap","C:/Users/xieji/Documents/R/win-library/4.1","1.1.0",NA,NA,NA,NA,"testthat (>= 2.1.1)",NA,"MIT + file LICENSE",NA,NA,NA,NA,"yes","4.1.1"
"fields","fields","C:/Users/xieji/Documents/R/win-library/4.1","14.1",NA,"R (>= 3.5.0), methods, spam, viridis","maps",NA,NA,NA,"GPL (>= 2)",NA,NA,NA,NA,"yes","4.1.3"
"flashClust","flashClust","C:/Users/xieji/Documents/R/win-library/4.1","1.01-2",NA,"R (>= 2.3.0)",NA,NA,NA,NA,"GPL (>= 2)",NA,NA,NA,NA,NA,"4.1.1"
"fontawesome","fontawesome","C:/Users/xieji/Documents/R/win-library/4.1","0.2.2",NA,"R (>= 3.3.0)","rlang (>= 0.4.10), htmltools (>= 0.5.1.1)",NA,"covr, knitr, testthat, rsvg",NA,"MIT + file LICENSE",NA,NA,NA,NA,"no","4.1.2"
"forcats","forcats","C:/Users/xieji/Documents/R/win-library/4.1","0.5.1",NA,"R (>= 3.2)","ellipsis, magrittr, rlang, tibble",NA,"covr, dplyr, ggplot2, knitr, readr, rmarkdown, testthat",NA,"MIT + file LICENSE",NA,NA,NA,NA,"no","4.1.1"
"fs","fs","C:/Users/xieji/Documents/R/win-library/4.1","1.5.0",NA,"R (>= 3.1)","methods",NA,"testthat, covr, pillar (>= 1.0.0), tibble (>= 1.1.0), crayon,
rmarkdown, knitr, withr, spelling, vctrs (>= 0.3.0)",NA,"GPL-3",NA,NA,NA,NA,"yes","4.1.1"
"gargle","gargle","C:/Users/xieji/Documents/R/win-library/4.1","1.2.0",NA,"R (>= 3.3)","cli (>= 3.0.0), fs (>= 1.3.1), glue (>= 1.3.0), httr (>=
1.4.0), jsonlite, rappdirs, rlang (>= 0.4.9), rstudioapi,
stats, utils, withr",NA,"aws.ec2metadata, aws.signature, covr, httpuv, knitr, mockr,
rmarkdown, sodium, spelling, testthat (>= 3.0.0)",NA,"MIT + file LICENSE",NA,NA,NA,NA,"no","4.1.1"
"gatepoints","gatepoints","C:/Users/xieji/Documents/R/win-library/4.1","0.1.4",NA,"R (>= 3.0.0)",NA,NA,"testthat, knitr, rmarkdown",NA,"GPL (>= 2)",NA,NA,NA,NA,"no","4.1.3"
"geigen","geigen","C:/Users/xieji/Documents/R/win-library/4.1","2.3",NA,"R (>= 3.5.0)",NA,NA,NA,NA,"GPL (>= 2)",NA,NA,NA,NA,"yes","4.1.1"
"generics","generics","C:/Users/xieji/Documents/R/win-library/4.1","0.1.0",NA,"R (>= 3.1)","methods",NA,"covr, pkgload, testthat, tibble",NA,"MIT + file LICENSE",NA,NA,NA,NA,"no","4.1.1"
"gert","gert","C:/Users/xieji/Documents/R/win-library/4.1","1.4.1",NA,NA,"askpass, credentials (>= 1.2.1), openssl (>= 1.4.1),
rstudioapi (>= 0.11), sys, zip (>= 2.1.0)",NA,"spelling, knitr, rmarkdown, testthat",NA,"MIT + file LICENSE",NA,NA,NA,NA,"yes","4.1.1"
"ggfortify","ggfortify","C:/Users/xieji/Documents/R/win-library/4.1","0.4.14",NA,"methods, ggplot2 (>= 2.0.0)","dplyr (>= 0.3), tidyr, gridExtra, grid, scales, stringr,
tibble",NA,"testthat, cluster, changepoint, dlm, fGarch, forecast,
ggrepel, glmnet, grDevices, KFAS, knitr, lintr, mapdata,
markdown, MASS, MSwM, nlme, raster, ROCR, sp, stats,
strucchange, survival, timeSeries, tseries, utils, vars, xts,
zoo, lfda",NA,"MIT + file LICENSE",NA,NA,NA,NA,"no","4.1.2"
"ggplot2","ggplot2","C:/Users/xieji/Documents/R/win-library/4.1","3.3.5",NA,"R (>= 3.3)","digest, glue, grDevices, grid, gtable (>= 0.1.1), isoband,
MASS, mgcv, rlang (>= 0.4.10), scales (>= 0.5.0), stats,
tibble, withr (>= 2.0.0)",NA,"covr, ragg, dplyr, ggplot2movies, hexbin, Hmisc, interp,
knitr, lattice, mapproj, maps, maptools, multcomp, munsell,
nlme, profvis, quantreg, RColorBrewer, rgeos, rmarkdown, rpart,
sf (>= 0.7-3), svglite (>= 1.2.0.9001), testthat (>= 2.1.0),
vdiffr (>= 1.0.0), xml2","sp","MIT + file LICENSE",NA,NA,NA,NA,"no","4.1.1"
"ggpubr","ggpubr","C:/Users/xieji/Documents/R/win-library/4.1","0.4.0",NA,"R (>= 3.1.0), ggplot2","ggrepel, grid, ggsci, stats, utils, tidyr, purrr, dplyr (>=
0.7.1), cowplot, ggsignif, scales, gridExtra, glue, polynom,
rlang, rstatix (>= 0.6.0), tibble, magrittr",NA,"grDevices, knitr, RColorBrewer, gtable",NA,"GPL-2",NA,NA,NA,NA,"no","4.1.1"
"ggrepel","ggrepel","C:/Users/xieji/Documents/R/win-library/4.1","0.9.1",NA,"R (>= 3.0.0), ggplot2 (>= 2.2.0)","grid, Rcpp, rlang (>= 0.3.0), scales (>= 0.5.0)","Rcpp","knitr, rmarkdown, testthat, gridExtra, devtools, prettydoc,
ggbeeswarm, dplyr, magrittr, readr, stringr",NA,"GPL-3 | file LICENSE",NA,NA,NA,NA,"yes","4.1.1"
"ggsci","ggsci","C:/Users/xieji/Documents/R/win-library/4.1","2.9",NA,"R (>= 3.0.2)","grDevices, scales, ggplot2 (>= 2.0.0)",NA,"knitr, rmarkdown, gridExtra, reshape2",NA,"GPL-3 | file LICENSE",NA,NA,NA,NA,"no","4.1.1"
"ggsignif","ggsignif","C:/Users/xieji/Documents/R/win-library/4.1","0.6.3",NA,NA,"ggplot2 (>= 3.3.5)",NA,"knitr, rmarkdown, spelling, testthat, vdiffr (>= 1.0.2)",NA,"GPL-3 | file LICENSE",NA,NA,NA,NA,"no","4.1.1"
"ggthemes","ggthemes","C:/Users/xieji/Documents/R/win-library/4.1","4.2.4",NA,"R (>= 3.3.0)","ggplot2 (>= 3.0.0), graphics, grid, methods, purrr, scales,
stringr, tibble",NA,"dplyr, covr, extrafont, glue, knitr, lattice, lintr, maps,
mapproj, pander, rlang, rmarkdown, spelling, testthat, tidyr,
vdiffr, withr",NA,"GPL-2",NA,NA,NA,NA,"no","4.1.2"
"gh","gh","C:/Users/xieji/Documents/R/win-library/4.1","1.3.0",NA,NA,"cli (>= 2.0.1), gitcreds, httr (>= 1.2), ini, jsonlite",NA,"covr, knitr, mockery, rmarkdown, rprojroot, spelling,
testthat (>= 2.3.2), withr",NA,"MIT + file LICENSE",NA,NA,NA,NA,"no","4.1.1"
"gitcreds","gitcreds","C:/Users/xieji/Documents/R/win-library/4.1","0.1.1",NA,NA,NA,NA,"codetools, testthat, knitr, mockery, oskeyring, rmarkdown,
withr",NA,"MIT + file LICENSE",NA,NA,NA,NA,"no","4.1.1"
"glue","glue","C:/Users/xieji/Documents/R/win-library/4.1","1.4.2",NA,"R (>= 3.2)","methods",NA,"testthat, covr, magrittr, crayon, knitr, rmarkdown, DBI,
RSQLite, R.utils, forcats, microbenchmark, rprintf, stringr,
ggplot2, dplyr, withr, vctrs (>= 0.3.0)",NA,"MIT + file LICENSE",NA,NA,NA,NA,"yes","4.1.1"
"gmp","gmp","C:/Users/xieji/Documents/R/win-library/4.1","0.6-6",NA,"R (>= 3.5.0)","methods",NA,"Rmpfr, MASS, round",NA,"GPL (>= 2)",NA,NA,NA,NA,"yes","4.1.3"
"goftest","goftest","C:/Users/xieji/Documents/R/win-library/4.1","1.2-3",NA,"R (>= 3.3)","stats",NA,NA,NA,"GPL (>= 2)",NA,NA,NA,NA,"yes","4.1.1"
"googledrive","googledrive","C:/Users/xieji/Documents/R/win-library/4.1","2.0.0",NA,"R (>= 3.3)","cli (>= 3.0.0), gargle (>= 1.2.0), glue (>= 1.4.2), httr,
jsonlite, lifecycle, magrittr, pillar, purrr (>= 0.2.3), rlang
(>= 0.4.9), tibble (>= 2.0.0), utils, uuid, vctrs (>= 0.3.0),
withr",NA,"covr, curl, downlit, dplyr (>= 1.0.0), knitr, mockr,
rmarkdown, roxygen2, sodium, spelling, testthat (>= 3.0.0)",NA,"MIT + file LICENSE",NA,NA,NA,NA,"no","4.1.1"
"googlesheets4","googlesheets4","C:/Users/xieji/Documents/R/win-library/4.1","1.0.0",NA,"R (>= 3.3)","cellranger, cli (>= 3.0.0), curl, gargle (>= 1.2.0), glue (>=
1.3.0), googledrive (>= 2.0.0), httr, ids, magrittr, methods,
purrr, rematch2, rlang (>= 0.4.11), tibble (>= 2.1.1), utils,
vctrs (>= 0.2.3)",NA,"covr, readr, rmarkdown, sodium, spelling, testthat (>=
3.0.0), withr",NA,"MIT + file LICENSE",NA,NA,NA,NA,"no","4.1.1"
"gpclib","gpclib","C:/Users/xieji/Documents/R/win-library/4.1","1.5-6",NA,"R (>= 3.0.0), methods","graphics",NA,NA,NA,"file LICENSE",NA,"yes",NA,NA,"yes","4.1.1"
"gridExtra","gridExtra","C:/Users/xieji/Documents/R/win-library/4.1","2.3",NA,NA,"gtable, grid, grDevices, graphics, utils",NA,"ggplot2, egg, lattice, knitr, testthat",NA,"GPL (>= 2)",NA,NA,NA,NA,"no","4.1.1"
"gtable","gtable","C:/Users/xieji/Documents/R/win-library/4.1","0.3.0",NA,"R (>= 3.0)","grid",NA,"covr, testthat, knitr, rmarkdown, ggplot2, profvis",NA,"GPL-2",NA,NA,NA,NA,"no","4.1.1"
"gtools","gtools","C:/Users/xieji/Documents/R/win-library/4.1","3.9.3",NA,"methods, stats, utils",NA,NA,"car, gplots, knitr, rstudioapi, SGP, taxize",NA,"GPL-2",NA,NA,NA,NA,"yes","4.1.3"
"haven","haven","C:/Users/xieji/Documents/R/win-library/4.1","2.4.3",NA,"R (>= 3.2)","forcats (>= 0.2.0), hms, methods, readr (>= 0.1.0), rlang (>=
0.4.0), tibble, tidyselect, vctrs (>= 0.3.0)","cpp11","cli, covr, crayon, fs, knitr, pillar (>= 1.4.0), rmarkdown,
testthat (>= 3.0.0)",NA,"MIT + file LICENSE",NA,NA,NA,NA,"yes","4.1.1"
"highr","highr","C:/Users/xieji/Documents/R/win-library/4.1","0.9",NA,"R (>= 3.2.3)","xfun (>= 0.18)",NA,"knitr, markdown, testit",NA,"GPL",NA,NA,NA,NA,"no","4.1.1"
"hms","hms","C:/Users/xieji/Documents/R/win-library/4.1","1.1.1",NA,NA,"ellipsis (>= 0.3.2), lifecycle, methods, pkgconfig, rlang,
vctrs (>= 0.3.8)",NA,"crayon, lubridate, pillar (>= 1.1.0), testthat (>= 3.0.0)",NA,"MIT + file LICENSE",NA,NA,NA,NA,"no","4.1.1"
"htmltools","htmltools","C:/Users/xieji/Documents/R/win-library/4.1","0.5.2",NA,"R (>= 2.14.1)","utils, digest, grDevices, base64enc, rlang (>= 0.4.10),
fastmap",NA,"markdown, testthat, withr, Cairo, ragg, shiny","knitr","GPL (>= 2)",NA,NA,NA,NA,"yes","4.1.1"
"htmlwidgets","htmlwidgets","C:/Users/xieji/Documents/R/win-library/4.1","1.5.4",NA,NA,"grDevices, htmltools (>= 0.3), jsonlite (>= 0.9.16), yaml",NA,"knitr (>= 1.8), rmarkdown, testthat","shiny (>= 1.1)","MIT + file LICENSE",NA,NA,NA,NA,"no","4.1.1"
"httpuv","httpuv","C:/Users/xieji/Documents/R/win-library/4.1","1.6.3",NA,"R (>= 2.15.1)","Rcpp (>= 1.0.7), utils, R6, promises, later (>= 0.8.0)","Rcpp, later","testthat, callr, curl, websocket",NA,"GPL (>= 2) | file LICENSE",NA,NA,NA,NA,"yes","4.1.2"
"httr","httr","C:/Users/xieji/Documents/R/win-library/4.1","1.4.2",NA,"R (>= 3.2)","curl (>= 3.0.0), jsonlite, mime, openssl (>= 0.8), R6",NA,"covr, httpuv, jpeg, knitr, png, readr, rmarkdown, testthat
(>= 0.8.0), xml2",NA,"MIT + file LICENSE",NA,NA,NA,NA,"no","4.1.1"
"ids","ids","C:/Users/xieji/Documents/R/win-library/4.1","1.0.1",NA,NA,"openssl, uuid",NA,"knitr, rcorpora, rmarkdown, testthat",NA,"MIT + file LICENSE",NA,NA,NA,NA,"no","4.1.1"
"igraph","igraph","C:/Users/xieji/Documents/R/win-library/4.1","1.2.10",NA,"methods","graphics, grDevices, magrittr, Matrix, pkgconfig (>= 2.0.0),
stats, utils",NA,"ape, graph, igraphdata, rgl, scales, stats4, tcltk, testthat,
withr, digest",NA,"GPL (>= 2)",NA,NA,NA,NA,"yes","4.1.2"
"imager","imager","C:/Users/xieji/Documents/R/win-library/4.1","0.42.11",NA,"R (>= 2.10.0),magrittr","Rcpp (>=
0.11.5),methods,stringr,png,jpeg,readbitmap,grDevices,purrr,downloader,igraph","Rcpp","knitr, rmarkdown,ggplot2,dplyr,scales,
testthat,raster,spatstat.geom,magick,Cairo",NA,"LGPL-3",NA,NA,NA,NA,"yes","4.1.2"
"ini","ini","C:/Users/xieji/Documents/R/win-library/4.1","0.3.1",NA,NA,NA,NA,"testthat",NA,"GPL-3",NA,NA,NA,NA,"no","4.1.1"
"isoband","isoband","C:/Users/xieji/Documents/R/win-library/4.1","0.2.5",NA,NA,"grid, utils",NA,"covr, ggplot2, knitr, magick, microbenchmark, rmarkdown, sf,
testthat, xml2",NA,"MIT + file LICENSE",NA,NA,NA,NA,"yes","4.1.1"
"jpeg","jpeg","C:/Users/xieji/Documents/R/win-library/4.1","0.1-9",NA,"R (>= 2.9.0)",NA,NA,NA,NA,"GPL-2 | GPL-3",NA,NA,NA,NA,"yes","4.1.1"
"jquerylib","jquerylib","C:/Users/xieji/Documents/R/win-library/4.1","0.1.4",NA,NA,"htmltools",NA,"testthat",NA,"MIT + file LICENSE",NA,NA,NA,NA,"no","4.1.1"
"jsonlite","jsonlite","C:/Users/xieji/Documents/R/win-library/4.1","1.7.2",NA,"methods",NA,NA,"httr, curl, plyr, testthat, knitr, rmarkdown, R.rsp, sf",NA,"MIT + file LICENSE",NA,NA,NA,NA,"yes","4.1.1"
"klaR","klaR","C:/Users/xieji/Documents/R/win-library/4.1","0.6-15",NA,"R (>= 2.10.0), MASS","combinat, questionr, grDevices, stats, utils, graphics",NA,"scatterplot3d (>= 0.3-22), som, mlbench, rpart, e1071",NA,"GPL-2 | GPL-3",NA,NA,NA,NA,"no","4.1.2"
"knitr","knitr","C:/Users/xieji/Documents/R/win-library/4.1","1.36",NA,"R (>= 3.2.3)","evaluate (>= 0.10), highr, methods, stringr (>= 0.6), yaml (>=
2.1.19), xfun (>= 0.21), tools",NA,"markdown, formatR, testit, digest, rgl (>= 0.95.1201),
codetools, rmarkdown, htmlwidgets (>= 0.7), webshot, tikzDevice
(>= 0.10), tinytex, reticulate (>= 1.4), JuliaCall (>= 0.11.1),
magick, png, jpeg, gifski, xml2 (>= 1.2.0), httr, DBI (>=
0.4-1), showtext, tibble, sass, bslib, ragg, styler (>= 1.2.0),
targets (>= 0.6.0)",NA,"GPL",NA,NA,NA,NA,"no","4.1.1"
"labeling","labeling","C:/Users/xieji/Documents/R/win-library/4.1","0.4.2",NA,NA,"stats, graphics",NA,NA,NA,"MIT + file LICENSE | Unlimited",NA,NA,NA,NA,"no","4.1.1"
"labelled","labelled","C:/Users/xieji/Documents/R/win-library/4.1","2.9.0",NA,"R (>= 3.0)","haven (>= 2.4.1), dplyr (>= 1.0.0), lifecycle, rlang, vctrs,
stringr, tidyr",NA,"testthat, knitr, rmarkdown, questionr, snakecase, utf8, covr,
spelling","memisc","GPL-3",NA,NA,NA,NA,"no","4.1.2"
"later","later","C:/Users/xieji/Documents/R/win-library/4.1","1.3.0",NA,NA,"Rcpp (>= 0.12.9), rlang","Rcpp","knitr, rmarkdown, testthat (>= 2.1.0)",NA,"MIT + file LICENSE",NA,NA,NA,NA,"yes","4.1.1"
"lazyeval","lazyeval","C:/Users/xieji/Documents/R/win-library/4.1","0.2.2",NA,"R (>= 3.1.0)",NA,NA,"knitr, rmarkdown (>= 0.2.65), testthat, covr",NA,"GPL-3",NA,NA,NA,NA,"yes","4.1.1"
"leaps","leaps","C:/Users/xieji/Documents/R/win-library/4.1","3.1",NA,"",NA,NA,"biglm",NA,"GPL (>= 2)",NA,NA,NA,NA,"yes","4.1.2"
"lifecycle","lifecycle","C:/Users/xieji/Documents/R/win-library/4.1","1.0.1",NA,"R (>= 3.3)","glue, rlang (>= 0.4.10)",NA,"covr, crayon, lintr, tidyverse, knitr, rmarkdown, testthat
(>= 3.0.1), tools, tibble, vctrs",NA,"MIT + file LICENSE",NA,NA,NA,NA,"no","4.1.1"
"lme4","lme4","C:/Users/xieji/Documents/R/win-library/4.1","1.1-27.1",NA,"R (>= 3.2.0), Matrix (>= 1.2-1), methods, stats","graphics, grid, splines, utils, parallel, MASS, lattice, boot,
nlme (>= 3.1-123), minqa (>= 1.1.15), nloptr (>= 1.0.4)","Rcpp (>= 0.10.5), RcppEigen","knitr, rmarkdown, PKPDmodels, MEMSS, testthat (>= 0.8.1),
ggplot2, mlmRev, optimx (>= 2013.8.6), gamm4, pbkrtest, HSAUR3,
numDeriv, car, dfoptim, mgcv, statmod, rr2, semEff",NA,"GPL (>= 2)",NA,NA,NA,NA,"yes","4.1.1"
"lsmeans","lsmeans","C:/Users/xieji/Documents/R/win-library/4.1","2.30-0",NA,"emmeans (>= 1.3), methods, R (>= 3.2)",NA,NA,"",NA,"GPL-2 | GPL-3",NA,NA,NA,NA,"no","4.1.2"
"lubridate","lubridate","C:/Users/xieji/Documents/R/win-library/4.1","1.8.0",NA,"methods, R (>= 3.2)","generics","cpp11 (>= 0.2.7)","covr, knitr, testthat (>= 2.1.0), vctrs (>= 0.3.0), rmarkdown","chron, timeDate, tis, zoo","GPL (>= 2)",NA,NA,NA,NA,"yes","4.1.1"
"magick","magick","C:/Users/xieji/Documents/R/win-library/4.1","2.7.3",NA,NA,"Rcpp (>= 0.12.12), magrittr, curl","Rcpp","av (>= 0.3), spelling, jsonlite, methods, knitr, rmarkdown,
rsvg, webp, pdftools, ggplot2, gapminder, IRdisplay, tesseract
(>= 2.0), gifski",NA,"MIT + file LICENSE",NA,NA,NA,NA,"yes","4.1.2"
"magrittr","magrittr","C:/Users/xieji/Documents/R/win-library/4.1","2.0.1",NA,NA,NA,NA,"covr, knitr, rlang, rmarkdown, testthat",NA,"MIT + file LICENSE",NA,NA,NA,NA,"yes","4.1.1"
"mapproj","mapproj","C:/Users/xieji/Documents/R/win-library/4.1","1.2.8",NA,"R (>= 3.0.0), maps (>= 2.3-0)","stats, graphics",NA,NA,NA,"Lucent Public License",NA,NA,NA,NA,"yes","4.1.3"
"maps","maps","C:/Users/xieji/Documents/R/win-library/4.1","3.4.0",NA,"R (>= 3.5.0)","graphics, utils",NA,"mapproj (>= 1.2-0), mapdata (>= 2.3.0), sp, rnaturalearth",NA,"GPL-2",NA,NA,NA,NA,"yes","4.1.3"
"maptools","maptools","C:/Users/xieji/Documents/R/win-library/4.1","1.1-2",NA,"R (>= 2.10), sp (>= 1.0-11)","foreign (>= 0.8), methods, grid, lattice, stats, utils,
grDevices",NA,"rgeos (>= 0.1-8), spatstat.geom (>= 1.65-0), PBSmapping,
maps, RColorBrewer, raster, polyclip, plotrix, spatstat.linnet
(>= 1.65-3), spatstat.utils (>= 1.19.0), spatstat (>= 2.0-0)","gpclib","GPL (>= 2)",NA,NA,NA,NA,"yes","4.1.1"
"mathjaxr","mathjaxr","C:/Users/xieji/Documents/R/win-library/4.1","1.6-0",NA,NA,NA,NA,"js",NA,"GPL-3",NA,NA,NA,NA,"yes","4.1.2"
"MatrixModels","MatrixModels","C:/Users/xieji/Documents/R/win-library/4.1","0.5-0",NA,"R (>= 3.0.1)","stats, methods, Matrix (>= 1.1-5)",NA,NA,NA,"GPL (>= 2)",NA,NA,NA,NA,"no","4.1.1"
"matrixStats","matrixStats","C:/Users/xieji/Documents/R/win-library/4.1","0.61.0",NA,"R (>= 2.12.0)",NA,NA,"base64enc, ggplot2, knitr, markdown, microbenchmark,
R.devices, R.rsp",NA,"Artistic-2.0",NA,NA,NA,NA,"yes","4.1.1"
"MBA","MBA","C:/Users/xieji/Documents/R/win-library/4.1","0.0-9",NA,"R (> 2.10.0)",NA,"BH","sp",NA,"GPL (>= 2)",NA,NA,NA,NA,"yes","4.1.3"
"mclust","mclust","C:/Users/xieji/Documents/R/win-library/4.1","5.4.9",NA,"R (>= 3.0)","stats, utils, graphics, grDevices",NA,"knitr (>= 1.12), rmarkdown (>= 0.9), mix (>= 1.0), geometry
(>= 0.3-6), MASS",NA,"GPL (>= 2)",NA,NA,NA,NA,"yes","4.1.2"
"memoise","memoise","C:/Users/xieji/Documents/R/win-library/4.1","2.0.0",NA,NA,"rlang (>= 0.4.10), cachem",NA,"digest, aws.s3, covr, googleAuthR, googleCloudStorageR, httr,
testthat",NA,"MIT + file LICENSE",NA,NA,NA,NA,"no","4.1.1"
"meta","meta","C:/Users/xieji/Documents/R/win-library/4.1","5.2-0",NA,"R (>= 4.0.0)","metafor (>= 3.0-0), grid, lme4, CompQuadForm, xml2",NA,"BiasedUrn",NA,"GPL (>= 2)",NA,NA,NA,NA,"no","4.1.2"
"metafor","metafor","C:/Users/xieji/Documents/R/win-library/4.1","3.0-2",NA,"R (>= 3.5.0), methods, Matrix","stats, utils, graphics, grDevices, nlme, mathjaxr, pbapply",NA,"lme4, numDeriv, minqa, nloptr, dfoptim, ucminf,
optimParallel, CompQuadForm, mvtnorm, BiasedUrn, Epi, survival,
GLMMadaptive, multcomp, gsl, sp, ape, boot, crayon, R.rsp,
testthat, rmarkdown",NA,"GPL (>= 2)",NA,NA,NA,NA,"no","4.1.2"
"mime","mime","C:/Users/xieji/Documents/R/win-library/4.1","0.12",NA,NA,"tools",NA,NA,NA,"GPL",NA,NA,NA,NA,"yes","4.1.1"
"miniUI","miniUI","C:/Users/xieji/Documents/R/win-library/4.1","0.1.1.1",NA,NA,"shiny (>= 0.13), htmltools (>= 0.3), utils",NA,NA,NA,"GPL-3",NA,NA,NA,NA,"no","4.1.2"
"minqa","minqa","C:/Users/xieji/Documents/R/win-library/4.1","1.2.4",NA,NA,"Rcpp (>= 0.9.10)","Rcpp",NA,NA,"GPL-2",NA,NA,NA,NA,"yes","4.1.1"
"modelr","modelr","C:/Users/xieji/Documents/R/win-library/4.1","0.1.8",NA,"R (>= 3.2)","broom, magrittr, purrr (>= 0.2.2), rlang (>= 0.2.0), tibble,
tidyr (>= 0.8.0), tidyselect, vctrs",NA,"compiler, covr, ggplot2, testthat",NA,"GPL-3",NA,NA,NA,NA,"no","4.1.1"
"munsell","munsell","C:/Users/xieji/Documents/R/win-library/4.1","0.5.0",NA,NA,"colorspace, methods",NA,"ggplot2, testthat",NA,"MIT + file LICENSE",NA,NA,NA,NA,"no","4.1.1"
"mvtnorm","mvtnorm","C:/Users/xieji/Documents/R/win-library/4.1","1.1-3",NA,"R(>= 3.5.0)","stats, methods",NA,NA,NA,"GPL-2",NA,NA,NA,NA,"yes","4.1.1"
"MyEllipsefit","MyEllipsefit","C:/Users/xieji/Documents/R/win-library/4.1","0.0.4.2",NA,"R (>= 3.0.0)","conicfit, ggplot2",NA,"car",NA,"GPL-2",NA,NA,NA,NA,"no","4.1.1"
"nloptr","nloptr","C:/Users/xieji/Documents/R/win-library/4.1","1.2.2.2",NA,NA,NA,NA,"testthat (>= 0.8.1), knitr, rmarkdown, inline (>= 0.3.14)",NA,"LGPL-3",NA,NA,NA,NA,"yes","4.1.1"
"numDeriv","numDeriv","C:/Users/xieji/Documents/R/win-library/4.1","2016.8-1.1",NA,"R (>= 2.11.1)",NA,NA,NA,NA,"GPL-2",NA,NA,NA,NA,"no","4.1.1"
"OpenImageR","OpenImageR","C:/Users/xieji/Documents/R/win-library/4.1","1.2.7",NA,"R(>= 3.2.3)","Rcpp (>= 0.12.17), graphics, grDevices, grid, shiny, jpeg,
png, tiff, R6, lifecycle","Rcpp, RcppArmadillo (>= 0.8.0)","testthat, knitr, rmarkdown, covr",NA,"GPL-3",NA,NA,NA,NA,"yes","4.1.3"
"openssl","openssl","C:/Users/xieji/Documents/R/win-library/4.1","1.4.5",NA,NA,"askpass",NA,"testthat (>= 2.1.0), digest, knitr, rmarkdown, jsonlite,
jose, sodium",NA,"MIT + file LICENSE",NA,NA,NA,NA,"yes","4.1.1"
"openxlsx","openxlsx","C:/Users/xieji/Documents/R/win-library/4.1","4.2.4",NA,"R (>= 3.3.0)","grDevices, methods, Rcpp, stats, utils, zip, stringi","Rcpp","knitr, testthat, roxygen2, rmarkdown",NA,"MIT + file LICENSE",NA,NA,NA,NA,"yes","4.1.1"
"outliers","outliers","C:/Users/xieji/Documents/R/win-library/4.1","0.15",NA,"R (>= 2.0)",NA,NA,NA,NA,"GPL (>= 2)",NA,NA,NA,NA,"no","4.1.3"
"pbapply","pbapply","C:/Users/xieji/Documents/R/win-library/4.1","1.5-0",NA,"R (>= 3.2.0)","parallel",NA,"shiny",NA,"GPL-2",NA,NA,NA,NA,"no","4.1.2"
"pbkrtest","pbkrtest","C:/Users/xieji/Documents/R/win-library/4.1","0.5.1",NA,"R (>= 3.5.0), lme4 (>= 1.1.10)","broom, dplyr, magrittr, MASS, Matrix (>= 1.2.3), methods,
numDeriv, parallel, knitr",NA,NA,NA,"GPL (>= 2)",NA,NA,NA,NA,"no","4.1.1"
"pillar","pillar","C:/Users/xieji/Documents/R/win-library/4.1","1.6.3",NA,NA,"cli, crayon (>= 1.3.4), ellipsis (>= 0.3.2), fansi, lifecycle,
rlang (>= 0.3.0), utf8 (>= 1.1.0), utils, vctrs (>= 0.3.8)",NA,"bit64, debugme, DiagrammeR, dplyr, formattable, ggplot2,
knitr, lubridate, nycflights13, palmerpenguins, rmarkdown,
scales, stringi, survival, testthat (>= 3.0.2), tibble, units
(>= 0.7.2), withr",NA,"MIT + file LICENSE",NA,NA,NA,NA,"no","4.1.1"
"pkgbuild","pkgbuild","C:/Users/xieji/Documents/R/win-library/4.1","1.2.0",NA,"R (>= 3.1)","callr (>= 3.2.0), cli, crayon, desc, prettyunits, R6,
rprojroot, withr (>= 2.1.2)",NA,"Rcpp, cpp11, testthat, covr",NA,"MIT + file LICENSE",NA,NA,NA,NA,"no","4.1.1"
"pkgconfig","pkgconfig","C:/Users/xieji/Documents/R/win-library/4.1","2.0.3",NA,NA,"utils",NA,"covr, testthat, disposables (>= 1.0.3)",NA,"MIT + file LICENSE",NA,NA,NA,NA,"no","4.1.1"
"pkgload","pkgload","C:/Users/xieji/Documents/R/win-library/4.1","1.2.2",NA,NA,"cli, crayon, desc, methods, rlang, rprojroot, rstudioapi,
utils, withr",NA,"bitops, covr, pkgbuild, Rcpp, testthat",NA,"GPL-3",NA,NA,NA,NA,"no","4.1.1"
"plotly","plotly","C:/Users/xieji/Documents/R/win-library/4.1","4.10.0",NA,"R (>= 3.2.0), ggplot2 (>= 3.0.0)","tools, scales, httr (>= 1.3.0), jsonlite (>= 1.6), magrittr,
digest, viridisLite, base64enc, htmltools (>= 0.3.6),
htmlwidgets (>= 1.5.2.9001), tidyr (>= 1.0.0), RColorBrewer,
dplyr, vctrs, tibble, lazyeval (>= 0.2.0), rlang (>= 0.4.10),
crosstalk, purrr, data.table, promises",NA,"MASS, maps, hexbin, ggthemes, GGally, testthat, knitr,
devtools, shiny (>= 1.1.0), shinytest (>= 1.3.0), curl,
rmarkdown, Cairo, broom, webshot, listviewer, dendextend,
maptools, rgeos, sf, png, IRdisplay, processx, plotlyGeoAssets,
forcats, palmerpenguins, rversions, reticulate",NA,"MIT + file LICENSE",NA,NA,NA,NA,"no","4.1.1"
"pls","pls","C:/Users/xieji/Documents/R/win-library/4.1","2.8-0",NA,"R (>= 2.10)","grDevices, graphics, methods, stats",NA,"MASS, parallel, Rmpi, testthat, RUnit",NA,"GPL-2",NA,NA,NA,NA,"no","4.1.2"
"plyr","plyr","C:/Users/xieji/Documents/R/win-library/4.1","1.8.6",NA,"R (>= 3.1.0)","Rcpp (>= 0.11.0)","Rcpp","abind, covr, doParallel, foreach, iterators, itertools,
tcltk, testthat",NA,"MIT + file LICENSE",NA,NA,NA,NA,"yes","4.1.2"
"png","png","C:/Users/xieji/Documents/R/win-library/4.1","0.1-7",NA,"R (>= 2.9.0)",NA,NA,NA,NA,"GPL-2 | GPL-3",NA,NA,NA,NA,"yes","4.1.1"
"polyclip","polyclip","C:/Users/xieji/Documents/R/win-library/4.1","1.10-0",NA,"R (>= 3.0.0)",NA,NA,NA,NA,"BSL",NA,NA,NA,NA,"yes","4.1.1"
"polynom","polynom","C:/Users/xieji/Documents/R/win-library/4.1","1.4-0",NA,NA,"stats, graphics",NA,"knitr, rmarkdown",NA,"GPL-2",NA,NA,NA,NA,"no","4.1.1"
"pracma","pracma","C:/Users/xieji/Documents/R/win-library/4.1","2.3.6",NA,"R (>= 3.1.0)","graphics, grDevices, stats, utils",NA,"NlcOptim, quadprog",NA,"GPL (>= 3)",NA,NA,NA,NA,"no","4.1.2"
"praise","praise","C:/Users/xieji/Documents/R/win-library/4.1","1.0.0",NA,NA,NA,NA,"testthat",NA,"MIT + file LICENSE",NA,NA,NA,NA,"no","4.1.1"
"prettyunits","prettyunits","C:/Users/xieji/Documents/R/win-library/4.1","1.1.1",NA,NA,NA,NA,"codetools, covr, testthat",NA,"MIT + file LICENSE",NA,NA,NA,NA,"no","4.1.1"
"processx","processx","C:/Users/xieji/Documents/R/win-library/4.1","3.5.2",NA,NA,"ps (>= 1.2.0), R6, utils",NA,"callr (>= 3.2.0), cli, codetools, covr, curl, debugme,
parallel, testthat, withr",NA,"MIT + file LICENSE",NA,NA,NA,NA,"yes","4.1.1"
"progress","progress","C:/Users/xieji/Documents/R/win-library/4.1","1.2.2",NA,NA,"hms, prettyunits, R6, crayon",NA,"Rcpp, testthat, withr",NA,"MIT + file LICENSE",NA,NA,NA,NA,"no","4.1.1"
"promises","promises","C:/Users/xieji/Documents/R/win-library/4.1","1.2.0.1",NA,NA,"R6, Rcpp, later, rlang, stats, magrittr","later, Rcpp","testthat, future (>= 1.21.0), fastmap (>= 1.1.0), purrr,
knitr, rmarkdown, vembedr, spelling",NA,"MIT + file LICENSE",NA,NA,NA,NA,"yes","4.1.1"
"proxy","proxy","C:/Users/xieji/Documents/R/win-library/4.1","0.4-26",NA,"R (>= 3.4.0)","stats, utils",NA,"cba",NA,"GPL-2",NA,NA,NA,NA,"yes","4.1.2"
"ps","ps","C:/Users/xieji/Documents/R/win-library/4.1","1.6.0",NA,"R (>= 3.1)","utils",NA,"callr, covr, curl, pingr, processx (>= 3.1.0), R6, rlang,
testthat, tibble",NA,"MIT + file LICENSE",NA,NA,NA,NA,"yes","4.1.1"
"purrr","purrr","C:/Users/xieji/Documents/R/win-library/4.1","0.3.4",NA,"R (>= 3.2)","magrittr (>= 1.5), rlang (>= 0.3.1)",NA,"covr, crayon, dplyr (>= 0.7.8), knitr, rmarkdown, testthat,
tibble, tidyselect",NA,"GPL-3 | file LICENSE",NA,NA,NA,NA,"yes","4.1.1"
"quantreg","quantreg","C:/Users/xieji/Documents/R/win-library/4.1","5.86",NA,"R (>= 2.6), stats, SparseM","methods, graphics, Matrix, MatrixModels, conquer",NA,"tripack, akima, MASS, survival, rgl, logspline, nor1mix,
Formula, zoo, R.rsp",NA,"GPL (>= 2)",NA,NA,NA,NA,"yes","4.1.1"
"questionr","questionr","C:/Users/xieji/Documents/R/win-library/4.1","0.7.5",NA,"R (>= 3.5.0)","shiny (>= 1.0.5), miniUI, rstudioapi, highr, styler, classInt,
htmltools, graphics, stats, utils, labelled (>= 2.6.0)",NA,"testthat, roxygen2, dplyr, ggplot2, tidyr, janitor, forcats,
knitr, rmarkdown, survey, Hmisc",NA,"GPL (>= 2)",NA,NA,NA,NA,"no","4.1.2"
"R.cache","R.cache","C:/Users/xieji/Documents/R/win-library/4.1","0.15.0",NA,"R (>= 2.14.0)","utils, R.methodsS3 (>= 1.8.1), R.oo (>= 1.24.0), R.utils (>=
2.10.1), digest (>= 0.6.13)",NA,NA,NA,"LGPL (>= 2.1)",NA,NA,NA,NA,"no","4.1.2"
"R.methodsS3","R.methodsS3","C:/Users/xieji/Documents/R/win-library/4.1","1.8.1",NA,"R (>= 2.13.0)","utils",NA,"codetools",NA,"LGPL (>= 2.1)",NA,NA,NA,NA,"no","4.1.1"
"R.oo","R.oo","C:/Users/xieji/Documents/R/win-library/4.1","1.24.0",NA,"R (>= 2.13.0), R.methodsS3 (>= 1.8.0)","methods, utils",NA,"tools",NA,"LGPL (>= 2.1)",NA,NA,NA,NA,"no","4.1.1"
"R.utils","R.utils","C:/Users/xieji/Documents/R/win-library/4.1","2.11.0",NA,"R (>= 2.14.0), R.oo (>= 1.24.0)","methods, utils, tools, R.methodsS3 (>= 1.8.1)",NA,"digest (>= 0.6.10)",NA,"LGPL (>= 2.1)",NA,NA,NA,NA,"no","4.1.2"
"R6","R6","C:/Users/xieji/Documents/R/win-library/4.1","2.5.1",NA,"R (>= 3.0)",NA,NA,"testthat, pryr",NA,"MIT + file LICENSE",NA,NA,NA,NA,"no","4.1.1"
"randomcoloR","randomcoloR","C:/Users/xieji/Documents/R/win-library/4.1","1.1.0.1",NA,NA,"colorspace, stringr, V8, stats, methods, scales, Rtsne,
grDevices, cluster",NA,NA,NA,"CC0",NA,NA,NA,NA,"no","4.1.2"
"rappdirs","rappdirs","C:/Users/xieji/Documents/R/win-library/4.1","0.3.3",NA,"R (>= 3.2)",NA,NA,"roxygen2, testthat (>= 3.0.0), covr, withr",NA,"MIT + file LICENSE",NA,NA,NA,NA,"yes","4.1.1"
"raster","raster","C:/Users/xieji/Documents/R/win-library/4.1","3.0-12",NA,"sp (>= 1.2-0), R (>= 3.0.0)","Rcpp, methods","Rcpp","rgdal (>= 0.9-1), rgeos (>= 0.3-8), ncdf4, igraph, tcltk,
parallel, rasterVis, MASS, sf, testthat",NA,"GPL (>= 3)",NA,NA,NA,NA,"yes","4.1.1"
"rcmdcheck","rcmdcheck","C:/Users/xieji/Documents/R/win-library/4.1","1.4.0",NA,NA,"callr (>= 3.1.1.9000), cli (>= 3.0.0), curl, desc (>= 1.2.0),
digest, pkgbuild, prettyunits, R6, rprojroot, sessioninfo (>=
1.1.1), utils, withr, xopen",NA,"covr, knitr, mockery, processx, ps, rmarkdown, svglite,
testthat, webfakes",NA,"MIT + file LICENSE",NA,NA,NA,NA,"no","4.1.1"
"RColorBrewer","RColorBrewer","C:/Users/xieji/Documents/R/win-library/4.1","1.1-2",NA,"R (>= 2.0.0)",NA,NA,NA,NA,"Apache License 2.0",NA,NA,NA,NA,"no","4.1.1"
"Rcpp","Rcpp","C:/Users/xieji/Documents/R/win-library/4.1","1.0.7",NA,NA,"methods, utils",NA,"tinytest, inline, rbenchmark, pkgKitten (>= 0.1.2)",NA,"GPL (>= 2)",NA,NA,NA,NA,"yes","4.1.1"
"RcppArmadillo","RcppArmadillo","C:/Users/xieji/Documents/R/win-library/4.1","0.10.7.0.0",NA,"R (>= 3.3.0)","Rcpp (>= 0.11.0), stats, utils, methods","Rcpp","tinytest, Matrix (>= 1.3.0), pkgKitten, reticulate, slam",NA,"GPL (>= 2)",NA,NA,NA,NA,"yes","4.1.1"
"RcppEigen","RcppEigen","C:/Users/xieji/Documents/R/win-library/4.1","0.3.3.9.1",NA,NA,"Matrix (>= 1.1-0), Rcpp (>= 0.11.0), stats, utils","Rcpp","inline, tinytest, pkgKitten, microbenchmark",NA,"GPL (>= 2) | file LICENSE",NA,NA,NA,NA,"yes","4.1.1"
"readbitmap","readbitmap","C:/Users/xieji/Documents/R/win-library/4.1","0.1.5",NA,NA,"bmp, jpeg, png, tiff",NA,"pixmap, testthat",NA,"GPL (>= 2)",NA,NA,NA,NA,"no","4.1.2"
"readr","readr","C:/Users/xieji/Documents/R/win-library/4.1","2.0.2",NA,"R (>= 3.1)","cli, clipr, crayon, hms (>= 0.4.1), methods, rlang, R6,
tibble, vroom (>= 1.5.4), utils, lifecycle (>= 0.2.0)","cpp11, tzdb (>= 0.1.1)","covr, curl, dplyr, knitr, rmarkdown, spelling, stringi,
testthat, tzdb (>= 0.1.1), waldo, withr, xml2",NA,"MIT + file LICENSE",NA,NA,NA,NA,"yes","4.1.1"
"readxl","readxl","C:/Users/xieji/Documents/R/win-library/4.1","1.3.1",NA,NA,"cellranger, Rcpp (>= 0.12.18), tibble (>= 1.3.1), utils","progress, Rcpp","covr, knitr, rmarkdown, rprojroot (>= 1.1), testthat",NA,"GPL-3",NA,NA,NA,NA,"yes","4.1.1"
"rematch","rematch","C:/Users/xieji/Documents/R/win-library/4.1","1.0.1",NA,NA,NA,NA,"covr, testthat",NA,"MIT + file LICENSE",NA,NA,NA,NA,"no","4.1.1"
"rematch2","rematch2","C:/Users/xieji/Documents/R/win-library/4.1","2.1.2",NA,NA,"tibble",NA,"covr, testthat",NA,"MIT + file LICENSE",NA,NA,NA,NA,"no","4.1.1"
"remotes","remotes","C:/Users/xieji/Documents/R/win-library/4.1","2.4.1",NA,"R (>= 3.0.0)","methods, stats, tools, utils",NA,"brew, callr, codetools, curl, covr, git2r (>= 0.23.0), knitr,
mockery, pkgbuild (>= 1.0.1), pingr, rmarkdown, rprojroot,
testthat, webfakes, withr",NA,"MIT + file LICENSE",NA,NA,NA,NA,"no","4.1.1"
"reprex","reprex","C:/Users/xieji/Documents/R/win-library/4.1","2.0.1",NA,"R (>= 3.3)","callr (>= 3.6.0), cli (>= 2.3.1), clipr (>= 0.4.0), fs, glue,
knitr (>= 1.23), rlang (>= 0.4.0), rmarkdown, rstudioapi,
utils, withr (>= 2.3.0)",NA,"covr, fortunes, miniUI, mockr, rprojroot, sessioninfo, shiny,
spelling, styler (>= 1.2.0), testthat (>= 3.0.2)",NA,"MIT + file LICENSE",NA,NA,NA,NA,"no","4.1.1"
"reshape2","reshape2","C:/Users/xieji/Documents/R/win-library/4.1","1.4.4",NA,"R (>= 3.1)","plyr (>= 1.8.1), Rcpp, stringr","Rcpp","covr, lattice, testthat (>= 0.8.0)",NA,"MIT + file LICENSE",NA,NA,NA,NA,"yes","4.1.2"
"rgdal","rgdal","C:/Users/xieji/Documents/R/win-library/4.1","1.5-27",NA,"R (>= 3.5.0), methods, sp (>= 1.1-0)","grDevices, graphics, stats, utils","sp","knitr, DBI, RSQLite, maptools, mapview, rmarkdown, curl,
rgeos",NA,"GPL (>= 2)",NA,NA,NA,NA,"yes","4.1.1"
"rio","rio","C:/Users/xieji/Documents/R/win-library/4.1","0.5.27",NA,"R (>= 2.15.0)","tools, stats, utils, foreign, haven (>= 1.1.2), curl (>= 0.6),
data.table (>= 1.9.8), readxl (>= 0.1.1), openxlsx, tibble",NA,"datasets, bit64, testthat, knitr, magrittr, arrow, clipr,
feather, fst, hexView, jsonlite, pzfx, readODS (>= 1.6.4),
readr, rmarkdown, rmatio, xml2 (>= 1.2.0), yaml",NA,"GPL-2",NA,NA,NA,NA,"no","4.1.1"
"rjson","rjson","C:/Users/xieji/Documents/R/win-library/4.1","0.2.21",NA,"R (>= 4.0.0)",NA,NA,NA,NA,"GPL-2",NA,NA,NA,NA,"yes","4.1.2"
"rlang","rlang","C:/Users/xieji/Documents/R/win-library/4.1","0.4.11",NA,"R (>= 3.3.0)","utils",NA,"cli, covr, crayon, glue, magrittr, methods, pak, pillar,
rmarkdown, testthat (>= 3.0.0), vctrs (>= 0.2.3), withr","winch","MIT + file LICENSE",NA,NA,NA,NA,"yes","4.1.1"
"rmarkdown","rmarkdown","C:/Users/xieji/Documents/R/win-library/4.1","2.11",NA,"R (>= 3.0)","tools, utils, knitr (>= 1.22), yaml (>= 2.1.19), htmltools (>=
0.3.5), evaluate (>= 0.13), jsonlite, tinytex (>= 0.31), xfun
(>= 0.21), jquerylib, methods, stringr (>= 1.2.0)",NA,"shiny (>= 1.6.0), tufte, testthat (>= 3.0.0), digest,
dygraphs, vctrs, tibble, fs, rsconnect, withr (>= 2.4.2), bslib
(>= 0.2.5.1), sass (>= 0.4.0)",NA,"GPL-3",NA,NA,NA,NA,"no","4.1.1"
"roxygen2","roxygen2","C:/Users/xieji/Documents/R/win-library/4.1","7.1.2",NA,"R (>= 3.3)","brew, commonmark, desc (>= 1.2.0), digest, knitr, methods,
pkgload (>= 1.0.2), purrr (>= 0.3.3), R6 (>= 2.1.2), rlang,
stringi, stringr (>= 1.0.0), utils, xml2","cpp11","covr, devtools, rmarkdown, testthat (>= 2.1.0), R.methodsS3,
R.oo",NA,"MIT + file LICENSE",NA,NA,NA,NA,"yes","4.1.1"
"rprojroot","rprojroot","C:/Users/xieji/Documents/R/win-library/4.1","2.0.2",NA,"R (>= 3.0.0)",NA,NA,"covr, knitr, lifecycle, mockr, rmarkdown, testthat (>=
3.0.0), withr",NA,"MIT + file LICENSE",NA,NA,NA,NA,"no","4.1.1"
"RSelenium","RSelenium","C:/Users/xieji/Documents/R/win-library/4.1","1.7.7",NA,"R (>= 3.0.0)","XML, methods, caTools, tools, utils, openssl, httr, wdman(>=
0.2.2), binman",NA,"testthat, knitr, Rcompression, covr, rmarkdown",NA,"AGPL-3",NA,NA,NA,NA,"no","4.1.1"
"rstatix","rstatix","C:/Users/xieji/Documents/R/win-library/4.1","0.7.0",NA,"R (>= 3.3.0)","stats, utils, tidyr (>= 1.0.0), purrr, broom (>= 0.7.4), rlang
(>= 0.3.1), tibble (>= 2.1.3), dplyr (>= 0.7.1), magrittr,
corrplot, tidyselect (>= 1.0.0), car, generics (>= 0.0.2)",NA,"knitr, rmarkdown, ggpubr, graphics, emmeans, coin, boot,
testthat, spelling",NA,"GPL-2",NA,NA,NA,NA,"no","4.1.1"
"rstudioapi","rstudioapi","C:/Users/xieji/Documents/R/win-library/4.1","0.13",NA,NA,NA,NA,"testthat, knitr, rmarkdown, clipr",NA,"MIT + file LICENSE",NA,NA,NA,NA,"no","4.1.1"
"Rtsne","Rtsne","C:/Users/xieji/Documents/R/win-library/4.1","0.15",NA,NA,"Rcpp (>= 0.11.0), stats","Rcpp","irlba, testthat",NA,"file LICENSE","yes",NA,NA,NA,"yes","4.1.2"
"rversions","rversions","C:/Users/xieji/Documents/R/win-library/4.1","2.1.1",NA,NA,"curl, utils, xml2 (>= 1.0.0)",NA,"mockery, testthat",NA,"MIT + file LICENSE",NA,NA,NA,NA,"no","4.1.1"
"rvest","rvest","C:/Users/xieji/Documents/R/win-library/4.1","1.0.1",NA,"R (>= 3.2)","httr (>= 0.5), lifecycle (>= 1.0.0), magrittr, rlang (>=
0.4.10), selectr, tibble, xml2 (>= 1.3)",NA,"covr, glue, knitr, readr, rmarkdown, repurrrsive, spelling,
stringi (>= 0.3.1), testthat (>= 3.0.2), webfakes",NA,"MIT + file LICENSE",NA,NA,NA,NA,"no","4.1.1"
"s2","s2","C:/Users/xieji/Documents/R/win-library/4.1","1.1.0",NA,"R (>= 3.0.0)","Rcpp, wk (>= 0.6.0)","Rcpp, wk","testthat (>= 3.0.0), vctrs",NA,"Apache License (== 2.0)",NA,NA,NA,NA,"yes","4.1.3"
"sass","sass","C:/Users/xieji/Documents/R/win-library/4.1","0.4.0",NA,NA,"fs, rlang (>= 0.4.10), htmltools (>= 0.5.1), R6, rappdirs",NA,"testthat, knitr, rmarkdown, withr, shiny, curl",NA,"MIT + file LICENSE",NA,NA,NA,NA,"yes","4.1.2"
"scales","scales","C:/Users/xieji/Documents/R/win-library/4.1","1.1.1",NA,"R (>= 3.2)","farver (>= 2.0.3), labeling, lifecycle, munsell (>= 0.5), R6,
RColorBrewer, viridisLite",NA,"bit64, covr, dichromat, ggplot2, hms (>= 0.5.0), testthat (>=
2.1.0)",NA,"MIT + file LICENSE",NA,NA,NA,NA,"no","4.1.1"
"scatterplot3d","scatterplot3d","C:/Users/xieji/Documents/R/win-library/4.1","0.3-41",NA,"R (>= 2.7.0)","grDevices, graphics, stats",NA,NA,NA,"GPL-2",NA,NA,NA,NA,"no","4.1.1"
"selectr","selectr","C:/Users/xieji/Documents/R/win-library/4.1","0.4-2",NA,"R (>= 3.0)","methods, stringr, R6",NA,"testthat, XML, xml2",NA,"BSD_3_clause + file LICENCE",NA,NA,NA,NA,"no","4.1.1"
"semver","semver","C:/Users/xieji/Documents/R/win-library/4.1","0.2.0",NA,NA,"Rcpp (>= 0.12.8), assertthat, utils","Rcpp","testthat, covr, knitr, rmarkdown",NA,"MIT + file LICENSE",NA,NA,NA,NA,"yes","4.1.1"
"sessioninfo","sessioninfo","C:/Users/xieji/Documents/R/win-library/4.1","1.1.1",NA,NA,"cli, tools, utils, withr",NA,"callr, covr, mockery, testthat",NA,"GPL-2",NA,NA,NA,NA,"no","4.1.1"
"sf","sf","C:/Users/xieji/Documents/R/win-library/4.1","1.0-8",NA,"methods, R (>= 3.3.0)","classInt (>= 0.4-1), DBI (>= 0.8), graphics, grDevices, grid,
magrittr, Rcpp (>= 0.12.18), s2 (>= 1.0.7), stats, tools, units
(>= 0.7-0), utils","Rcpp","blob, covr, dplyr (>= 0.8-3), ggplot2, knitr, lwgeom (>=
0.2-1), maps, mapview, Matrix, microbenchmark, odbc, pbapply,
pillar, pool, raster, rlang, rmarkdown, RPostgres (>= 1.1.0),
RPostgreSQL, RSQLite, sp (>= 1.2-4), spatstat (>= 2.0-1),
spatstat.geom, spatstat.random, spatstat.linnet,
spatstat.utils, stars (>= 0.2-0), terra, testthat, tibble (>=
1.4.1), tidyr (>= 1.2.0), tidyselect (>= 1.0.0), tmap (>= 2.0),
vctrs, wk",NA,"GPL-2 | MIT + file LICENSE",NA,NA,NA,NA,"yes","4.1.3"
"shiny","shiny","C:/Users/xieji/Documents/R/win-library/4.1","1.7.1",NA,"R (>= 3.0.2), methods","utils, grDevices, httpuv (>= 1.5.2), mime (>= 0.3), jsonlite
(>= 0.9.16), xtable, fontawesome (>= 0.2.1), htmltools (>=
0.5.2), R6 (>= 2.0), sourcetools, later (>= 1.0.0), promises
(>= 1.1.0), tools, crayon, rlang (>= 0.4.10), fastmap (>=
1.1.0), withr, commonmark (>= 1.7), glue (>= 1.3.2), bslib (>=
0.3.0), cachem, ellipsis, lifecycle (>= 0.2.0)",NA,"datasets, Cairo (>= 1.5-5), testthat (>= 3.0.0), knitr (>=
1.6), markdown, rmarkdown, ggplot2, reactlog (>= 1.0.0),
magrittr, shinytest (>= 1.4.0.9003), yaml, future, dygraphs,
ragg, showtext, sass",NA,"GPL-3 | file LICENSE",NA,NA,NA,NA,"no","4.1.2"
"sourcetools","sourcetools","C:/Users/xieji/Documents/R/win-library/4.1","0.1.7",NA,"R (>= 3.0.2)",NA,NA,"testthat",NA,"MIT + file LICENSE",NA,NA,NA,NA,"yes","4.1.2"
"sp","sp","C:/Users/xieji/Documents/R/win-library/4.1","1.4-5",NA,"R (>= 3.0.0), methods","utils, stats, graphics, grDevices, lattice, grid",NA,"RColorBrewer, rgdal (>= 1.2-3), rgeos (>= 0.3-13), gstat,
maptools, deldir",NA,"GPL (>= 2)",NA,NA,NA,NA,"yes","4.1.1"
"spam","spam","C:/Users/xieji/Documents/R/win-library/4.1","2.9-1",NA,"R (>= 3.5)","dotCall64, grid, methods",NA,"spam64, fields, Matrix, testthat, R.rsp, truncdist, knitr,
rmarkdown",NA,"LGPL-2 | BSD_3_clause + file LICENSE",NA,NA,NA,NA,"yes","4.1.3"
"SparseM","SparseM","C:/Users/xieji/Documents/R/win-library/4.1","1.81",NA,"R (>= 2.15), methods","graphics, stats, utils",NA,NA,NA,"GPL (>= 2)",NA,NA,NA,NA,"yes","4.1.1"
"spatstat","spatstat","C:/Users/xieji/Documents/R/win-library/4.1","2.3-0",NA,"R (>= 3.5.0), spatstat.data (>= 2.1-0), spatstat.geom (>=
2.3-0), spatstat.core (>= 2.3-0), spatstat.linnet (>= 2.3-0),
utils","spatstat.utils (>= 2.2-0)",NA,"",NA,"GPL (>= 2)",NA,NA,NA,NA,"yes","4.1.2"
"spatstat.core","spatstat.core","C:/Users/xieji/Documents/R/win-library/4.1","2.3-2",NA,"R (>= 3.5.0), spatstat.data (>= 2.1-0), spatstat.geom (>=
2.3-0), stats, graphics, grDevices, utils, methods, nlme, rpart","spatstat.utils (>= 2.2-0), spatstat.sparse (>= 2.0-0), mgcv,
Matrix, abind, tensor, goftest (>= 1.2-2)",NA,"sm, maptools (>= 0.9-9), gsl, locfit, spatial, RandomFields
(>= 3.1.24.1), RandomFieldsUtils(>= 0.3.3.1), fftwtools (>=
0.9-8), nleqslv, spatstat.linnet (>= 2.0-0), spatstat (>=
2.0-0)",NA,"GPL (>= 2)",NA,NA,NA,NA,"yes","4.1.2"
"spatstat.data","spatstat.data","C:/Users/xieji/Documents/R/win-library/4.1","2.1-2",NA,"R (>= 3.5.0)","spatstat.utils (>= 2.1-0), Matrix",NA,"spatstat.geom, spatstat.core, spatstat.linnet",NA,"GPL (>= 2)",NA,NA,NA,NA,"no","4.1.2"
"spatstat.geom","spatstat.geom","C:/Users/xieji/Documents/R/win-library/4.1","2.3-1",NA,"R (>= 3.5.0), spatstat.data (>= 2.0-0), stats, graphics,
grDevices, utils, methods","spatstat.utils (>= 2.2-0), deldir (>= 1.0-2), polyclip (>=
1.10-0)",NA,"spatstat.core, spatstat.linnet, maptools (>= 0.9-9), spatial,
fftwtools (>= 0.9-8), spatstat (>= 2.0-0)",NA,"GPL (>= 2)",NA,NA,NA,NA,"yes","4.1.2"
"spatstat.linnet","spatstat.linnet","C:/Users/xieji/Documents/R/win-library/4.1","2.3-1",NA,"R (>= 3.5.0), spatstat.data (>= 2.1-0), spatstat.geom (>=
2.3-0), spatstat.core (>= 2.3-0), stats, graphics, grDevices,
methods, utils","spatstat.utils (>= 2.2-0), Matrix, spatstat.sparse (>= 2.0)",NA,"goftest, locfit, spatstat (>= 2.0-0)",NA,"GPL (>= 2)",NA,NA,NA,NA,"yes","4.1.2"
"spatstat.sparse","spatstat.sparse","C:/Users/xieji/Documents/R/win-library/4.1","2.1-0",NA,"R (>= 3.5.0), stats, utils, methods, Matrix, abind, tensor","spatstat.utils (>= 2.1-0)",NA,NA,NA,"GPL (>= 2)",NA,NA,NA,NA,"yes","4.1.2"
"spatstat.utils","spatstat.utils","C:/Users/xieji/Documents/R/win-library/4.1","2.3-0",NA,"R (>= 3.3.0), stats, graphics, grDevices, utils, methods",NA,NA,"spatstat.core",NA,"GPL (>= 2)",NA,NA,NA,NA,"yes","4.1.2"
"splancs","splancs","C:/Users/xieji/Documents/R/win-library/4.1","2.01-42",NA,"R (>= 2.10.0), sp (>= 0.9)","stats, graphics, grDevices, methods",NA,NA,NA,"GPL (>= 2)",NA,NA,NA,NA,"yes","4.1.2"
"stringi","stringi","C:/Users/xieji/Documents/R/win-library/4.1","1.7.4",NA,"R (>= 3.1)","tools, utils, stats",NA,NA,NA,"file LICENSE","yes",NA,NA,NA,"yes","4.1.1"
"stringr","stringr","C:/Users/xieji/Documents/R/win-library/4.1","1.4.0",NA,"R (>= 3.1)","glue (>= 1.2.0), magrittr, stringi (>= 1.1.7)",NA,"covr, htmltools, htmlwidgets, knitr, rmarkdown, testthat",NA,"GPL-2 | file LICENSE",NA,NA,NA,NA,"no","4.1.1"
"styler","styler","C:/Users/xieji/Documents/R/win-library/4.1","1.6.2",NA,NA,"backports (>= 1.1.0), cli (>= 1.1.0), glue, magrittr (>=
2.0.0), purrr (>= 0.2.3), R.cache (>= 0.15.0), rematch2 (>=
2.0.1), rlang (>= 0.1.1), rprojroot (>= 1.1), tibble (>=
1.4.2), tools, withr (>= 1.0.0), xfun (>= 0.1)",NA,"data.tree (>= 0.1.6), digest, dplyr, here, knitr, prettycode,
rmarkdown, roxygen2, rstudioapi (>= 0.7), testthat (>= 2.1.0)",NA,"MIT + file LICENSE",NA,NA,NA,NA,"no","4.1.2"
"sys","sys","C:/Users/xieji/Documents/R/win-library/4.1","3.4",NA,NA,NA,NA,"unix (>= 1.4), spelling, testthat",NA,"MIT + file LICENSE",NA,NA,NA,NA,"yes","4.1.1"
"tensor","tensor","C:/Users/xieji/Documents/R/win-library/4.1","1.5",NA,NA,NA,NA,NA,NA,"GPL (>= 2)",NA,NA,NA,NA,NA,"4.1.1"
"testthat","testthat","C:/Users/xieji/Documents/R/win-library/4.1","3.0.4",NA,"R (>= 3.1)","brio, callr (>= 3.5.1), cli (>= 2.2.0), crayon (>= 1.3.4),
desc, digest, ellipsis (>= 0.2.0), evaluate, jsonlite,
lifecycle, magrittr, methods, pkgload, praise, processx, ps (>=
1.3.4), R6 (>= 2.2.0), rlang (>= 0.4.9), utils, waldo (>=
0.2.4), withr (>= 2.3.0)",NA,"covr, curl (>= 0.9.5), diffviewer (>= 0.1.0), knitr, mockery,
rmarkdown, rstudioapi, shiny, usethis, vctrs (>= 0.1.0), xml2",NA,"MIT + file LICENSE",NA,NA,NA,NA,"yes","4.1.1"
"tibble","tibble","C:/Users/xieji/Documents/R/win-library/4.1","3.1.4",NA,"R (>= 3.1.0)","ellipsis (>= 0.3.2), fansi (>= 0.4.0), lifecycle (>= 0.2.0),
magrittr, methods, pillar (>= 1.6.2), pkgconfig, rlang (>=
0.4.3), utils, vctrs (>= 0.3.8)",NA,"bench, bit64, blob, brio, callr, cli, covr, crayon (>=
1.3.4), DiagrammeR, dplyr, evaluate, formattable, ggplot2, hms,
htmltools, knitr, lubridate, mockr, nycflights13, pkgbuild,
pkgload, purrr, rmarkdown, stringi, testthat (>= 3.0.2), tidyr,
withr",NA,"MIT + file LICENSE",NA,NA,NA,NA,"yes","4.1.1"
"tidyr","tidyr","C:/Users/xieji/Documents/R/win-library/4.1","1.1.4",NA,"R (>= 3.1)","dplyr (>= 0.8.2), ellipsis (>= 0.1.0), glue, lifecycle,
magrittr, purrr, rlang, tibble (>= 2.1.1), tidyselect (>=
1.1.0), utils, vctrs (>= 0.3.6)","cpp11 (>= 0.2.6)","covr, data.table, jsonlite, knitr, readr, repurrrsive (>=
1.0.0), rmarkdown, testthat (>= 3.0.0)",NA,"MIT + file LICENSE",NA,NA,NA,NA,"yes","4.1.1"
"tidyselect","tidyselect","C:/Users/xieji/Documents/R/win-library/4.1","1.1.1",NA,"R (>= 3.2)","ellipsis, glue (>= 1.3.0), purrr (>= 0.3.2), rlang (>= 0.4.6),
vctrs (>= 0.3.0)",NA,"covr, crayon, dplyr, knitr, magrittr, rmarkdown, testthat (>=
2.3.0), tibble (>= 2.1.3), withr",NA,"MIT + file LICENSE",NA,NA,NA,NA,"yes","4.1.1"
"tidyverse","tidyverse","C:/Users/xieji/Documents/R/win-library/4.1","1.3.1",NA,"R (>= 3.3)","broom (>= 0.7.6), cli (>= 2.4.0), crayon (>= 1.4.1), dbplyr
(>= 2.1.1), dplyr (>= 1.0.5), dtplyr (>= 1.1.0), forcats (>=
0.5.1), googledrive (>= 1.0.1), googlesheets4 (>= 0.3.0),
ggplot2 (>= 3.3.3), haven (>= 2.3.1), hms (>= 1.0.0), httr (>=
1.4.2), jsonlite (>= 1.7.2), lubridate (>= 1.7.10), magrittr
(>= 2.0.1), modelr (>= 0.1.8), pillar (>= 1.6.0), purrr (>=
0.3.4), readr (>= 1.4.0), readxl (>= 1.3.1), reprex (>= 2.0.0),
rlang (>= 0.4.10), rstudioapi (>= 0.13), rvest (>= 1.0.0),
stringr (>= 1.4.0), tibble (>= 3.1.0), tidyr (>= 1.1.3), xml2
(>= 1.3.2)",NA,"covr, feather, glue, knitr, rmarkdown, testthat",NA,"MIT + file LICENSE",NA,NA,NA,NA,"no","4.1.1"
"tiff","tiff","C:/Users/xieji/Documents/R/win-library/4.1","0.1-10",NA,"R (>= 2.9.0)",NA,NA,NA,NA,"GPL-2 | GPL-3",NA,NA,NA,NA,"yes","4.1.2"
"tinytex","tinytex","C:/Users/xieji/Documents/R/win-library/4.1","0.34",NA,NA,"xfun (>= 0.23)",NA,"testit, rstudioapi",NA,"MIT + file LICENSE",NA,NA,NA,NA,"no","4.1.1"
"tzdb","tzdb","C:/Users/xieji/Documents/R/win-library/4.1","0.1.2",NA,"R (>= 3.3)",NA,"cpp11 (>= 0.2.7)","covr, testthat (>= 3.0.0)",NA,"MIT + file LICENSE",NA,NA,NA,NA,"yes","4.1.1"
"units","units","C:/Users/xieji/Documents/R/win-library/4.1","0.8-0",NA,"R (>= 3.0.2)","Rcpp","Rcpp (>= 0.12.10)","NISTunits, measurements, xml2, magrittr, pillar (>= 1.3.0),
dplyr (>= 1.0.0), vctrs (>= 0.3.1), ggplot2 (> 3.2.1), testthat
(>= 3.0.0), vdiffr, knitr, rmarkdown",NA,"GPL-2",NA,NA,NA,NA,"yes","4.1.3"
"usethis","usethis","C:/Users/xieji/Documents/R/win-library/4.1","2.0.1",NA,"R (>= 3.2)","cli, clipr (>= 0.3.0), crayon, curl (>= 2.7), desc, fs (>=
1.3.0), gert (>= 1.0.2), gh (>= 1.2.0), glue (>= 1.3.0),
jsonlite, lifecycle, purrr, rappdirs, rlang (>= 0.4.10),
rprojroot (>= 1.2), rstudioapi, stats, utils, whisker, withr
(>= 2.3.0), yaml",NA,"covr, knitr, magick, mockr, rmarkdown, roxygen2, spelling (>=
1.2), styler (>= 1.2.0), testthat (>= 3.0.0)",NA,"MIT + file LICENSE",NA,NA,NA,NA,"no","4.1.1"
"utf8","utf8","C:/Users/xieji/Documents/R/win-library/4.1","1.2.2",NA,"R (>= 2.10)",NA,NA,"cli, covr, knitr, rlang, rmarkdown, testthat (>= 3.0.0),
withr",NA,"Apache License (== 2.0) | file LICENSE",NA,NA,NA,NA,"yes","4.1.1"
"uuid","uuid","C:/Users/xieji/Documents/R/win-library/4.1","0.1-4",NA,"R (>= 2.9.0)",NA,NA,NA,NA,"MIT + file LICENSE",NA,NA,NA,NA,"yes","4.1.1"
"V8","V8","C:/Users/xieji/Documents/R/win-library/4.1","4.0.0",NA,NA,"Rcpp (>= 0.12.12), jsonlite (>= 1.0), curl (>= 1.0), utils","Rcpp","testthat, knitr, rmarkdown",NA,"MIT + file LICENSE",NA,NA,NA,NA,"yes","4.1.2"
"vctrs","vctrs","C:/Users/xieji/Documents/R/win-library/4.1","0.3.8",NA,"R (>= 3.3)","ellipsis (>= 0.2.0), glue, rlang (>= 0.4.10)",NA,"bit64, covr, crayon, dplyr (>= 0.8.5), generics, knitr,
pillar (>= 1.4.4), pkgdown, rmarkdown, testthat (>= 2.3.0),
tibble, withr, xml2, waldo (>= 0.2.0), zeallot",NA,"MIT + file LICENSE",NA,NA,NA,NA,"yes","4.1.1"
"viridis","viridis","C:/Users/xieji/Documents/R/win-library/4.1","0.6.2",NA,"R (>= 2.10), viridisLite (>= 0.4.0)","stats, ggplot2 (>= 1.0.1), gridExtra",NA,"hexbin (>= 1.27.0), scales, MASS, knitr, dichromat,
colorspace, raster, rasterVis, httr, mapproj, vdiffr, svglite
(>= 1.2.0), testthat, covr, rmarkdown, rgdal, maps",NA,"MIT + file LICENSE",NA,NA,NA,NA,"no","4.1.2"
"viridisLite","viridisLite","C:/Users/xieji/Documents/R/win-library/4.1","0.4.0",NA,"R (>= 2.10)",NA,NA,"hexbin (>= 1.27.0), ggplot2 (>= 1.0.1), testthat, covr",NA,"MIT + file LICENSE",NA,NA,NA,NA,"no","4.1.1"
"vroom","vroom","C:/Users/xieji/Documents/R/win-library/4.1","1.5.5",NA,"R (>= 3.1)","bit64, crayon, cli, glue, hms, lifecycle, methods, rlang (>=
0.4.2), stats, tibble (>= 2.0.0), tzdb (>= 0.1.1), vctrs (>=
0.2.0), tidyselect, withr","progress (>= 1.2.1), cpp11 (>= 0.2.0), tzdb (>= 0.1.1)","archive, bench (>= 1.1.0), covr, curl, dplyr, forcats, fs,
ggplot2, knitr, patchwork, prettyunits, purrr, rmarkdown,
rstudioapi, scales, spelling, testthat (>= 2.1.0), tidyr,
waldo, xml2",NA,"MIT + file LICENSE",NA,NA,NA,NA,"yes","4.1.1"
"waldo","waldo","C:/Users/xieji/Documents/R/win-library/4.1","0.3.1",NA,NA,"cli, diffobj (>= 0.3.4), fansi, glue, methods, rematch2, rlang
(>= 0.4.10), tibble",NA,"testthat (>= 3.0.0), covr, R6, withr, xml2",NA,"MIT + file LICENSE",NA,NA,NA,NA,"no","4.1.1"
"wdman","wdman","C:/Users/xieji/Documents/R/win-library/4.1","0.2.5",NA,"R (>= 3.2)","binman, assertthat, processx, yaml, semver(>= 0.2.0), utils",NA,"testthat, covr, knitr, rmarkdown",NA,"MIT + file LICENSE",NA,NA,NA,NA,"no","4.1.1"
"whisker","whisker","C:/Users/xieji/Documents/R/win-library/4.1","0.4",NA,NA,NA,NA,"markdown",NA,"GPL-3",NA,NA,NA,NA,"no","4.1.1"
"withr","withr","C:/Users/xieji/Documents/R/win-library/4.1","2.4.2",NA,"R (>= 3.2.0)","graphics, grDevices, stats",NA,"covr, DBI, knitr, lattice, methods, rmarkdown, RSQLite,
testthat (>= 2.1.0)",NA,"MIT + file LICENSE",NA,NA,NA,NA,"no","4.1.1"
"wk","wk","C:/Users/xieji/Documents/R/win-library/4.1","0.6.0",NA,NA,NA,NA,"testthat (>= 3.0.0), vctrs (>= 0.3.0), sf, tibble, readr",NA,"MIT + file LICENSE",NA,NA,NA,NA,"yes","4.1.3"
"xfun","xfun","C:/Users/xieji/Documents/R/win-library/4.1","0.26",NA,NA,"stats, tools",NA,"testit, parallel, codetools, rstudioapi, tinytex (>= 0.30),
mime, markdown, knitr, htmltools, remotes, pak, rhub, renv,
curl, jsonlite, rmarkdown",NA,"MIT + file LICENSE",NA,NA,NA,NA,"yes","4.1.1"
"XML","XML","C:/Users/xieji/Documents/R/win-library/4.1","3.99-0.8",NA,"R (>= 4.0.0), methods, utils",NA,NA,"bitops, RCurl",NA,"BSD_3_clause + file LICENSE",NA,NA,NA,NA,"yes","4.1.1"
"xml2","xml2","C:/Users/xieji/Documents/R/win-library/4.1","1.3.2",NA,"R (>= 3.1.0)","methods",NA,"covr, curl, httr, knitr, magrittr, mockery, rmarkdown,
testthat (>= 2.1.0)",NA,"GPL (>= 2)",NA,NA,NA,NA,"yes","4.1.1"
"xopen","xopen","C:/Users/xieji/Documents/R/win-library/4.1","1.0.0",NA,"R (>= 3.1)","processx",NA,"ps, testthat",NA,"MIT + file LICENSE",NA,NA,NA,NA,"no","4.1.1"
"xtable","xtable","C:/Users/xieji/Documents/R/win-library/4.1","1.8-4",NA,"R (>= 2.10.0)","stats, utils",NA,"knitr, plm, zoo, survival",NA,"GPL (>= 2)",NA,NA,NA,NA,"no","4.1.2"
"yaml","yaml","C:/Users/xieji/Documents/R/win-library/4.1","2.2.1",NA,NA,NA,NA,"RUnit",NA,"BSD_3_clause + file LICENSE",NA,NA,NA,NA,"yes","4.1.1"
"zip","zip","C:/Users/xieji/Documents/R/win-library/4.1","2.2.0",NA,NA,NA,NA,"covr, processx, R6, testthat, withr",NA,"MIT + file LICENSE",NA,NA,NA,NA,"yes","4.1.1"
"zoom","zoom","C:/Users/xieji/Documents/R/win-library/4.1","2.0.6",NA,"R (>= 2.10.0)",NA,NA,"testthat",NA,"GPL (>= 3)",NA,NA,NA,NA,"no","4.1.3"
"base","base","C:/Program Files/R/R-4.1.1/library","4.1.1","base",NA,NA,NA,"methods",NA,"Part of R 4.1.1",NA,NA,NA,NA,NA,"4.1.1"
"boot","boot","C:/Program Files/R/R-4.1.1/library","1.3-28","recommended","R (>= 3.0.0), graphics, stats",NA,NA,"MASS, survival",NA,"Unlimited",NA,NA,NA,NA,"no","4.1.1"
"class","class","C:/Program Files/R/R-4.1.1/library","7.3-19","recommended","R (>= 3.0.0), stats, utils","MASS",NA,NA,NA,"GPL-2 | GPL-3",NA,NA,NA,NA,"yes","4.1.1"
"cluster","cluster","C:/Program Files/R/R-4.1.1/library","2.1.2","recommended","R (>= 3.4.0)","graphics, grDevices, stats, utils",NA,"MASS, Matrix",NA,"GPL (>= 2)",NA,NA,NA,NA,"yes","4.1.1"
"codetools","codetools","C:/Program Files/R/R-4.1.1/library","0.2-18","recommended","R (>= 2.1)",NA,NA,NA,NA,"GPL",NA,NA,NA,NA,"no","4.1.1"
"compiler","compiler","C:/Program Files/R/R-4.1.1/library","4.1.1","base",NA,NA,NA,NA,NA,"Part of R 4.1.1",NA,NA,NA,NA,NA,"4.1.1"
"datasets","datasets","C:/Program Files/R/R-4.1.1/library","4.1.1","base",NA,NA,NA,NA,NA,"Part of R 4.1.1",NA,NA,NA,NA,NA,"4.1.1"
"foreign","foreign","C:/Program Files/R/R-4.1.1/library","0.8-81","recommended","R (>= 4.0.0)","methods, utils, stats",NA,NA,NA,"GPL (>= 2)",NA,NA,NA,NA,"yes","4.1.1"
"graphics","graphics","C:/Program Files/R/R-4.1.1/library","4.1.1","base",NA,"grDevices",NA,NA,NA,"Part of R 4.1.1",NA,NA,NA,NA,"yes","4.1.1"
"grDevices","grDevices","C:/Program Files/R/R-4.1.1/library","4.1.1","base",NA,NA,NA,"KernSmooth",NA,"Part of R 4.1.1",NA,NA,NA,NA,"yes","4.1.1"
"grid","grid","C:/Program Files/R/R-4.1.1/library","4.1.1","base",NA,"grDevices, utils",NA,NA,NA,"Part of R 4.1.1",NA,NA,NA,NA,"yes","4.1.1"
"KernSmooth","KernSmooth","C:/Program Files/R/R-4.1.1/library","2.23-20","recommended","R (>= 2.5.0), stats",NA,NA,"MASS, carData",NA,"Unlimited",NA,NA,NA,NA,"yes","4.1.1"
"lattice","lattice","C:/Program Files/R/R-4.1.1/library","0.20-44","recommended","R (>= 3.0.0)","grid, grDevices, graphics, stats, utils",NA,"KernSmooth, MASS, latticeExtra","chron","GPL (>= 2)",NA,NA,NA,NA,"yes","4.1.1"
"MASS","MASS","C:/Program Files/R/R-4.1.1/library","7.3-54","recommended","R (>= 3.3.0), grDevices, graphics, stats, utils","methods",NA,"lattice, nlme, nnet, survival",NA,"GPL-2 | GPL-3",NA,NA,NA,NA,"yes","4.1.1"
"Matrix","Matrix","C:/Program Files/R/R-4.1.1/library","1.3-4","recommended","R (>= 3.5.0)","methods, graphics, grid, stats, utils, lattice",NA,"expm, MASS","MatrixModels, graph, SparseM, sfsmisc, igraph, maptools, sp,
spdep","GPL (>= 2) | file LICENCE",NA,NA,NA,NA,"yes","4.1.1"
"methods","methods","C:/Program Files/R/R-4.1.1/library","4.1.1","base",NA,"utils, stats",NA,"codetools",NA,"Part of R 4.1.1",NA,NA,NA,NA,"yes","4.1.1"
"mgcv","mgcv","C:/Program Files/R/R-4.1.1/library","1.8-36","recommended","R (>= 3.6.0), nlme (>= 3.1-64)","methods, stats, graphics, Matrix, splines, utils",NA,"parallel, survival, MASS",NA,"GPL (>= 2)",NA,NA,NA,NA,"yes","4.1.1"
"nlme","nlme","C:/Program Files/R/R-4.1.1/library","3.1-152","recommended","R (>= 3.4.0)","graphics, stats, utils, lattice",NA,"Hmisc, MASS",NA,"GPL (>= 2) | file LICENCE",NA,NA,NA,NA,"yes","4.1.1"
"nnet","nnet","C:/Program Files/R/R-4.1.1/library","7.3-16","recommended","R (>= 3.0.0), stats, utils",NA,NA,"MASS",NA,"GPL-2 | GPL-3",NA,NA,NA,NA,"yes","4.1.1"
"parallel","parallel","C:/Program Files/R/R-4.1.1/library","4.1.1","base",NA,"tools, compiler",NA,"methods","snow, nws, Rmpi","Part of R 4.1.1",NA,NA,NA,NA,"yes","4.1.1"
"rpart","rpart","C:/Program Files/R/R-4.1.1/library","4.1-15","recommended","R (>= 2.15.0), graphics, stats, grDevices",NA,NA,"survival",NA,"GPL-2 | GPL-3",NA,NA,NA,NA,"yes","4.1.1"
"spatial","spatial","C:/Program Files/R/R-4.1.1/library","7.3-14","recommended","R (>= 3.0.0), graphics, stats, utils",NA,NA,"MASS",NA,"GPL-2 | GPL-3",NA,NA,NA,NA,"yes","4.1.1"
"splines","splines","C:/Program Files/R/R-4.1.1/library","4.1.1","base",NA,"graphics, stats",NA,"Matrix, methods",NA,"Part of R 4.1.1",NA,NA,NA,NA,"yes","4.1.1"
"stats","stats","C:/Program Files/R/R-4.1.1/library","4.1.1","base",NA,"utils, grDevices, graphics",NA,"MASS, Matrix, SuppDists, methods, stats4",NA,"Part of R 4.1.1",NA,NA,NA,NA,"yes","4.1.1"
"stats4","stats4","C:/Program Files/R/R-4.1.1/library","4.1.1","base",NA,"graphics, methods, stats",NA,NA,NA,"Part of R 4.1.1",NA,NA,NA,NA,NA,"4.1.1"
"survival","survival","C:/Program Files/R/R-4.1.1/library","3.2-11","recommended","R (>= 3.5.0)","graphics, Matrix, methods, splines, stats, utils",NA,NA,NA,"LGPL (>= 2)",NA,NA,NA,NA,"yes","4.1.1"
"tcltk","tcltk","C:/Program Files/R/R-4.1.1/library","4.1.1","base",NA,"utils",NA,NA,NA,"Part of R 4.1.1",NA,NA,NA,NA,"yes","4.1.1"
"tools","tools","C:/Program Files/R/R-4.1.1/library","4.1.1","base",NA,NA,NA,"codetools, methods, xml2, curl, commonmark",NA,"Part of R 4.1.1",NA,NA,NA,NA,"yes","4.1.1"
"translations","translations","C:/Program Files/R/R-4.1.1/library","4.1.1",NA,NA,NA,NA,NA,NA,"Part of R 4.1.1",NA,NA,NA,NA,NA,"4.1.1"
"utils","utils","C:/Program Files/R/R-4.1.1/library","4.1.1","base",NA,NA,NA,"methods, xml2, commonmark",NA,"Part of R 4.1.1",NA,NA,NA,NA,"yes","4.1.1"
